utc	location	discharge	discharge_qualifiers
1988-10-16 15:15:00	FORKS	39360.0	A,[91]
1988-10-17 11:00:00	FORKS	8320.0	A,[91]
1988-10-19 23:30:00	FORKS	3785.0	A,[91]
1988-10-22 10:30:00	FORKS	3845.0	A,[91]
1988-10-23 05:00:00	FORKS	2330.0	A,[91]
1988-10-31 06:30:00	FORKS	2863.0	A,[91]
1988-11-02 03:15:00	FORKS	2333.0	A,[91]
1988-11-03 13:00:00	FORKS	5940.0	A,[91]
1988-11-04 09:15:00	FORKS	5960.0	A,[91]
1988-11-06 10:00:00	FORKS	14910.0	A,[91]
1988-11-07 14:15:00	FORKS	4644.0	A,[91]
1988-11-11 04:30:00	FORKS	3379.0	A,[91]
1988-11-12 18:00:00	FORKS	3421.0	A,[91]
1988-11-13 14:00:00	FORKS	2386.0	A,[91]
1988-11-20 21:30:00	FORKS	3588.0	A,[91]
1988-11-22 02:45:00	FORKS	3719.0	A,[91]
1988-11-23 04:45:00	FORKS	6806.0	A,[91]
1988-11-24 10:15:00	FORKS	2765.0	A,[91]
1988-11-28 08:45:00	FORKS	3998.0	A,[91]
1988-11-29 03:00:00	FORKS	2754.0	A,[91]
1988-12-07 05:30:00	FORKS	12100.0	A,[91]
1988-12-08 08:45:00	FORKS	4289.0	A,[91]
1988-12-09 13:15:00	FORKS	3459.0	A,[91]
1988-12-13 09:15:00	FORKS	13450.0	A,[91]
1988-12-14 06:00:00	FORKS	5068.0	A,[91]
1988-12-15 01:15:00	FORKS	3251.0	A,[91]
1988-12-16 04:30:00	FORKS	2238.0	A,[91]
1988-12-30 11:15:00	FORKS	10630.0	A,[91]
1988-12-31 11:30:00	FORKS	3654.0	A,[91]
1989-01-04 10:15:00	FORKS	10300.0	A,[91]
1989-01-05 07:15:00	FORKS	4453.0	hf.missing
1989-01-06 05:15:00	FORKS	2803.3333333333335	hf.missing
1989-01-09 19:00:00	FORKS	3344.0	A,[91]
1989-01-17 11:15:00	FORKS	7029.0	A,[91]
1989-01-18 19:15:00	FORKS	6002.0	A,[91]
1989-01-19 17:30:00	FORKS	3504.0	A,[91]
1989-01-21 07:00:00	FORKS	2706.0	A,[91]
1989-01-31 07:30:00	FORKS	8150.0	A,[91]
1989-02-01 04:15:00	FORKS	3443.0	A,[91]
1989-02-01 23:30:00	FORKS	2319.0	A,[91]
1989-03-07 03:15:00	FORKS	1741.5135135135135	A,[91]
1989-03-12 04:15:00	FORKS	2792.0	A,[91]
1989-03-13 07:30:00	FORKS	2775.0	A,[91]
1989-03-28 09:30:00	FORKS	2839.0	A,[91]
1989-04-06 01:45:00	FORKS	20800.0	A,[91]
1989-04-07 08:45:00	FORKS	9530.0	A,[91]
1989-04-08 03:45:00	FORKS	6340.0	A,[91]
1989-04-09 00:00:00	FORKS	4282.0	A,[91]
1989-04-15 07:45:00	FORKS	6330.0	A,[91]
1989-04-16 02:00:00	FORKS	4965.0	A,[91]
1989-04-16 21:30:00	FORKS	3877.0	A,[91]
1989-04-21 05:15:00	FORKS	5459.0	A,[91]
1989-04-21 23:30:00	FORKS	3823.0	A,[91]
1989-05-01 10:15:00	FORKS	4005.0	A,[91]
1989-05-07 07:30:00	FORKS	6400.0	A,[91]
1989-05-08 08:00:00	FORKS	5860.0	A,[91]
1989-05-09 07:45:00	FORKS	5196.5	hf.missing
1989-05-10 02:30:00	FORKS	4092.0	hf.missing
1989-05-11 12:45:00	FORKS	3031.0	A,[91]
1989-05-18 08:00:00	FORKS	3593.0	A,[91]
1989-05-19 10:45:00	FORKS	2698.0	A,[91]
1989-05-25 09:30:00	FORKS	2638.0	A,[91]
1989-05-27 17:15:00	FORKS	3121.0	A,[91]
1989-06-03 08:30:00	FORKS	5152.0	A,[91]
1989-06-04 07:45:00	FORKS	5256.0	A,[91]
1989-06-06 06:45:00	FORKS	4942.0	A,[91]
1989-06-08 08:30:00	FORKS	4124.817945383615	A,[91]
1989-06-15 08:30:00	FORKS	3110.0	A,[91]
1989-06-20 08:00:00	FORKS	3165.0	A,[91]
1989-06-25 09:00:00	FORKS	2399.0	A,[91]
1989-07-17 08:00:00	FORKS	1895.0	A,[91]
1989-08-22 10:00:00	FORKS	3257.8581314878893	hf.missing
1989-08-23 05:30:00	FORKS	1311.993079584775	hf.missing
1990-10-04 07:00:00	FORKS	6028.92	A,[91]
1990-10-05 10:00:00	FORKS	3880.84	A,[91]
1990-10-15 16:00:00	FORKS	9400.0	A,[91]
1990-10-22 07:00:00	FORKS	7920.488311688312	hf.missing
1990-10-26 10:00:00	FORKS	3886.0	A,[91]
1990-10-28 16:00:00	FORKS	2897.0	A,[91]
1990-10-30 22:00:00	FORKS	3885.0	A,[91]
1990-11-04 04:00:00	FORKS	8010.0	A,[91]
1990-11-10 07:00:00	FORKS	37140.0	A,[91]
1990-11-13 19:00:00	FORKS	12050.25974025974	A,[91]
1990-11-15 13:00:00	FORKS	4605.0	A,[91]
1990-11-17 22:00:00	FORKS	3976.0	A,[91]
1990-11-22 22:00:00	FORKS	22500.0	A,[91]
1990-11-24 22:00:00	FORKS	46830.0	A,[91]
1990-11-29 22:00:00	FORKS	6260.0	A,[91]
1990-12-04 22:00:00	FORKS	3647.920286966919	A,[91]
1990-12-06 07:00:00	FORKS	3470.9397369469907	A,[91]
1990-12-18 07:00:00	FORKS	6404.0	A,[91]
1991-01-13 01:00:00	FORKS	15370.0	A,[91]
1991-01-14 01:00:00	FORKS	11810.0	A,[91]
1991-01-15 10:00:00	FORKS	12762.411764705883	hf.missing
1991-02-03 10:00:00	FORKS	8161.0	A,[91]
1991-02-05 16:00:00	FORKS	12720.0	A,[91]
1991-02-12 22:00:00	FORKS	4471.129533678757	hf.missing
1991-02-14 16:00:00	FORKS	6101.285714285715	hf.missing
1991-02-16 10:00:00	FORKS	4952.0	A,[91]
1991-02-19 22:00:00	FORKS	25477.5	A,[91]
1991-03-04 07:00:00	FORKS	4162.0	A,[91]
1991-04-05 19:00:00	FORKS	17930.0	A,[91]
1991-04-09 16:00:00	FORKS	3351.4	A,[91]
1991-04-22 10:00:00	FORKS	3383.0	A,[91]
1991-04-24 16:00:00	FORKS	2985.0	A,[91]
1991-05-07 07:00:00	FORKS	3066.0	A,[91]
1991-05-08 13:00:00	FORKS	4228.0	A,[91]
1991-05-18 16:00:00	FORKS	3037.0	A,[91]
1991-06-13 13:00:00	FORKS	3688.692963079836	A,[91]
1991-06-20 13:00:00	FORKS	3567.103818239192	A,[91]
1991-07-03 10:00:00	FORKS	3349.699386503067	A,[91]
1991-07-04 07:00:00	FORKS	3193.165644171779	A,[91]
1991-07-06 10:00:00	FORKS	2226.01226993865	A,[91]
1991-07-25 10:00:00	FORKS	1382.0	A,[91]
1991-11-05 18:15:00	FORKS	10230.0	A,[91]
1991-11-07 00:00:00	FORKS	2334.0	A,[91]
1991-11-09 11:15:00	FORKS	3158.0	A,[91]
1991-11-13 05:30:00	FORKS	6720.0	A,[91]
1991-11-14 05:00:00	FORKS	3180.0	A,[91]
1991-11-17 16:45:00	FORKS	3216.0	A,[91]
1991-11-20 09:45:00	FORKS	10690.0	A,[91]
1991-11-21 11:45:00	FORKS	4223.0	A,[91]
1991-11-22 09:45:00	FORKS	2688.0	A,[91]
1991-11-25 14:00:00	FORKS	13210.0	A,[91]
1991-11-26 10:15:00	FORKS	6400.0	A,[91]
1991-11-27 04:45:00	FORKS	4065.0	A,[91]
1991-11-29 05:00:00	FORKS	4568.0	A,[91]
1991-12-02 07:00:00	FORKS	7740.0	A,[91]
1991-12-06 03:15:00	FORKS	19240.0	A,[91]
1991-12-07 01:30:00	FORKS	7030.0	A,[91]
1991-12-08 16:30:00	FORKS	9060.0	A,[91]
1991-12-09 20:15:00	FORKS	9470.0	A,[91]
1991-12-10 16:30:00	FORKS	4586.0	A,[91]
1991-12-12 18:15:00	FORKS	8050.0	A,[91]
1991-12-13 14:00:00	FORKS	4095.0	A,[91]
1991-12-14 09:00:00	FORKS	2874.0	A,[91]
1991-12-16 03:15:00	FORKS	1862.0	A,[91]
1992-01-02 19:00:00	FORKS	1840.0	A,[91]
1992-01-16 16:00:00	FORKS	2877.61937716263	A,[91]
1992-01-24 06:00:00	FORKS	15550.0	A,[91]
1992-01-25 04:30:00	FORKS	7260.0	A,[91]
1992-01-25 23:00:00	FORKS	5319.0	A,[91]
1992-01-28 19:45:00	FORKS	13360.0	A,[91]
1992-01-29 22:30:00	FORKS	11240.0	A,[91]
1992-01-30 21:30:00	FORKS	8740.0	A,[91]
1992-01-31 19:00:00	FORKS	7420.0	A,[91]
1992-02-01 14:00:00	FORKS	5141.0	A,[91]
1992-02-02 11:15:00	FORKS	3905.0	A,[91]
1992-02-03 08:15:00	FORKS	2899.0	A,[91]
1992-02-22 18:45:00	FORKS	3926.0	A,[91]
1992-02-27 08:30:00	FORKS	2949.0	A,[91]
1992-03-02 12:30:00	FORKS	1965.0	A,[91]
1992-04-03 23:00:00	FORKS	1954.0	A,[91]
1992-04-17 16:00:00	FORKS	8170.0	A,[91]
1992-04-18 11:45:00	FORKS	6170.0	A,[91]
1992-04-19 13:00:00	FORKS	2940.0	A,[91]
1992-04-28 02:15:00	FORKS	3035.0	A,[91]
1992-04-30 15:45:00	FORKS	5097.588235294117	A,[91]
1992-05-07 10:15:00	FORKS	2649.0	A,[91]
1992-05-10 20:00:00	FORKS	3080.0	A,[91]
1992-05-11 16:45:00	FORKS	2116.0	A,[91]
1992-06-14 03:15:00	FORKS	4144.0	A,[91]
1992-06-15 00:30:00	FORKS	1696.0	A,[91]
1992-07-06 17:15:00	FORKS	2081.0	A,[91]
1992-07-07 12:00:00	FORKS	1743.0	A,[91]
1992-09-08 16:45:00	FORKS	6080.0	A,[91]
1992-09-09 18:15:00	FORKS	1403.0	A,[91]
1992-09-24 06:45:00	FORKS	1510.0	A,[91]
1992-10-20 00:15:00	FORKS	1722.0	A,[91]
1992-10-22 08:00:00	FORKS	2089.0	A,[91]
1992-11-01 10:15:00	FORKS	2033.0	A,[91]
1992-11-02 14:00:00	FORKS	3466.0	A,[91]
1992-11-05 03:30:00	FORKS	2459.0	A,[91]
1992-11-07 17:00:00	FORKS	10140.0	A,[91]
1992-11-08 19:45:00	FORKS	4385.0	A,[91]
1992-11-09 17:00:00	FORKS	2989.0	A,[91]
1992-11-13 02:45:00	FORKS	2937.0	A,[91]
1992-11-14 08:30:00	FORKS	2604.0	A,[91]
1992-11-20 00:15:00	FORKS	2582.0	A,[91]
1992-11-22 19:30:00	FORKS	3449.0	A,[91]
1992-11-23 14:45:00	FORKS	2356.0	A,[91]
1992-11-30 22:00:00	FORKS	3043.7525773195875	A,[91]
1992-12-01 17:00:00	FORKS	2069.0	A,[91]
1992-12-14 20:00:00	FORKS	5091.0	A,[91]
1992-12-15 17:30:00	FORKS	2332.0	A,[91]
1992-12-23 06:30:00	FORKS	4480.0	A,[91]
1992-12-24 01:00:00	FORKS	2798.0	A,[91]
1992-12-27 03:30:00	FORKS	1895.0	A,[91]
1993-01-25 17:15:00	FORKS	28300.0	A,[91]
1993-01-26 16:15:00	FORKS	12390.0	A,[91]
1993-01-27 15:45:00	FORKS	6152.0	A,[91]
1993-01-28 10:30:00	FORKS	3973.0	A,[91]
1993-01-29 11:15:00	FORKS	2946.0	A,[91]
1993-01-31 14:15:00	FORKS	1939.0	A,[91]
1993-03-06 04:45:00	FORKS	4008.0	A,[91]
1993-03-06 23:15:00	FORKS	2687.0	A,[91]
1993-03-15 13:45:00	FORKS	11190.0	A,[91]
1993-03-16 10:15:00	FORKS	3516.0	A,[91]
1993-03-18 18:00:00	FORKS	3383.0	A,[91]
1993-03-23 08:45:00	FORKS	12590.0	A,[91]
1993-03-24 04:30:00	FORKS	7010.0	A,[91]
1993-03-24 23:00:00	FORKS	4017.0	A,[91]
1993-03-25 17:45:00	FORKS	2830.0	A,[91]
1993-04-04 04:00:00	FORKS	2851.0	A,[91]
1993-04-09 12:15:00	FORKS	2946.648666232921	A,[91]
1993-04-26 03:00:00	FORKS	3897.0	A,[91]
1993-04-27 10:00:00	FORKS	4180.0	A,[91]
1993-04-30 06:45:00	FORKS	10500.0	A,[91]
1993-05-01 06:30:00	FORKS	5248.0	A,[91]
1993-05-02 11:00:00	FORKS	5729.432355723746	A,[91]
1993-05-08 17:00:00	FORKS	5818.221381267739	A,[91]
1993-05-11 06:45:00	FORKS	6855.856196783349	A,[91]
1993-05-13 05:00:00	FORKS	7776.149479659413	A,[91]
1993-05-14 00:30:00	FORKS	4882.0	A,[91]
1993-05-15 12:15:00	FORKS	3867.0	A,[91]
1993-05-19 06:30:00	FORKS	4958.0	A,[91]
1993-05-20 14:15:00	FORKS	5291.0	A,[91]
1993-05-22 09:30:00	FORKS	5586.0	A,[91]
1993-05-23 03:45:00	FORKS	4232.0	A,[91]
1993-05-28 08:45:00	FORKS	3391.0	A,[91]
1993-05-29 10:45:00	FORKS	3673.0	A,[91]
1993-06-01 05:30:00	FORKS	4332.0	A,[91]
1993-06-02 08:30:00	FORKS	2828.0	A,[91]
1993-06-08 06:45:00	FORKS	3607.0	A,[91]
1993-06-10 04:00:00	FORKS	4529.0	A,[91]
1993-06-12 12:45:00	FORKS	3573.0	A,[91]
1993-06-13 07:45:00	FORKS	2654.0	A,[91]
1993-06-23 10:30:00	FORKS	3389.0	A,[91]
1993-06-24 05:15:00	FORKS	2146.0	A,[91]
1993-07-21 07:45:00	FORKS	2955.0	A,[91]
1993-07-22 02:00:00	FORKS	2039.0	A,[91]
1993-07-30 11:15:00	FORKS	1518.0	A,[91]
1993-10-23 16:15:00	FORKS	3243.0	A,[91]
1993-10-24 19:45:00	FORKS	1536.0	A,[91]
1993-11-03 18:30:00	FORKS	3798.0	A,[91]
1993-11-04 12:45:00	FORKS	2135.0	A,[91]
1993-11-21 22:45:00	FORKS	4372.0	A,[91]
1993-11-22 21:15:00	FORKS	1619.0	A,[91]
1993-11-30 08:00:00	FORKS	2038.0	A,[91]
1993-12-02 04:30:00	FORKS	7697.0	A,[91]
1993-12-03 13:30:00	FORKS	4763.0	A,[91]
1993-12-04 14:30:00	FORKS	6273.0	A,[91]
1993-12-05 11:45:00	FORKS	3111.0	A,[91]
1993-12-10 23:30:00	FORKS	5256.0	A,[91]
1993-12-11 18:45:00	FORKS	3548.0	A,[91]
1993-12-13 01:00:00	FORKS	2475.0	A,[91]
1994-01-01 16:15:00	FORKS	2600.0	A,[91]
1994-01-03 05:00:00	FORKS	3918.0	A,[91]
1994-01-04 23:15:00	FORKS	7086.0	A,[91]
1994-01-05 19:45:00	FORKS	4509.0	A,[91]
1994-01-06 19:00:00	FORKS	2833.0	A,[91]
1994-01-10 03:00:00	FORKS	3475.0	A,[91]
1994-01-13 01:15:00	FORKS	4660.0	A,[91]
1994-01-14 02:30:00	FORKS	4501.0	A,[91]
1994-01-14 22:15:00	FORKS	3346.0	A,[91]
1994-01-16 23:00:00	FORKS	2335.0	A,[91]
1994-01-23 13:30:00	FORKS	2252.0	A,[91]
1994-01-24 08:15:00	FORKS	2238.0	A,[91]
1994-02-17 10:45:00	FORKS	1906.0	A,[91]
1994-03-01 09:15:00	FORKS	4642.0	A,[91]
1994-03-03 07:45:00	FORKS	8050.0	A,[91]
1994-03-04 17:00:00	FORKS	6200.0	A,[91]
1994-03-05 15:45:00	FORKS	3639.0	A,[91]
1994-03-06 11:30:00	FORKS	2545.0	A,[91]
1994-03-18 16:15:00	FORKS	3192.0	A,[91]
1994-03-19 10:30:00	FORKS	2175.0	A,[91]
1994-03-30 09:15:00	FORKS	2146.0	A,[91]
1994-04-04 04:45:00	FORKS	2717.0	A,[91]
1994-04-09 08:30:00	FORKS	3077.0	A,[91]
1994-04-12 22:15:00	FORKS	3101.0	A,[91]
1994-04-19 13:15:00	FORKS	4858.0	A,[91]
1994-04-20 08:00:00	FORKS	4212.0	A,[91]
1994-04-22 03:30:00	FORKS	3804.0	A,[91]
1994-04-23 01:45:00	FORKS	2774.0	A,[91]
1994-04-30 17:45:00	FORKS	2669.0	A,[91]
1994-05-05 07:30:00	FORKS	2430.0	A,[91]
1994-05-08 09:15:00	FORKS	3882.0	A,[91]
1994-05-09 10:15:00	FORKS	3399.0	A,[91]
1994-05-12 10:00:00	FORKS	2992.0	A,[91]
1994-05-20 11:45:00	FORKS	2695.0	A,[91]
1994-05-25 10:00:00	FORKS	2380.0	A,[91]
1994-05-30 07:00:00	FORKS	3852.0	A,[91]
1994-06-14 17:15:00	FORKS	8327.0	A,[91]
1994-06-15 12:00:00	FORKS	4301.0	A,[91]
1994-06-18 15:30:00	FORKS	4982.0	A,[91]
1994-06-19 09:45:00	FORKS	2988.0	A,[91]
1994-06-21 10:15:00	FORKS	2163.0	A,[91]
1994-07-02 07:00:00	FORKS	3032.0	A,[91]
1994-07-03 01:30:00	FORKS	2272.4791666666665	A,[91]
1994-07-05 15:15:00	FORKS	1358.8125	A,[91]
1994-09-04 15:30:00	FORKS	2217.0	A,[91]
1994-09-15 00:15:00	FORKS	4816.0	A,[91]
1994-09-15 21:30:00	FORKS	1917.0	A,[91]
1994-10-21 11:45:00	FORKS	4957.0	A,[91]
1994-10-22 07:00:00	FORKS	3609.0	A,[91]
1994-10-27 01:45:00	FORKS	13108.98969072165	A,[91]
1994-10-28 00:30:00	FORKS	9140.0	A,[91]
1994-10-28 20:00:00	FORKS	5427.0	A,[91]
1994-10-29 16:45:00	FORKS	3423.0	A,[91]
1994-10-31 22:00:00	FORKS	12080.0	A,[91]
1994-11-01 21:30:00	FORKS	5167.0	A,[91]
1994-11-02 17:15:00	FORKS	3160.0	A,[91]
1994-11-03 18:15:00	FORKS	2095.0	A,[91]
1994-11-20 07:45:00	FORKS	5674.0	A,[91]
1994-11-21 04:30:00	FORKS	2259.0	A,[91]
1994-11-30 18:45:00	FORKS	20920.0	A,[91]
1994-12-01 15:30:00	FORKS	8300.0	A,[91]
1994-12-02 16:30:00	FORKS	4004.0	A,[91]
1994-12-03 12:00:00	FORKS	2727.0	A,[91]
1994-12-05 03:15:00	FORKS	1720.0	A,[91]
1994-12-18 01:15:00	FORKS	6599.0	A,[91]
1994-12-18 21:15:00	FORKS	5030.0	A,[91]
1994-12-20 18:45:00	FORKS	14090.0	A,[91]
1994-12-21 13:30:00	FORKS	8060.0	A,[91]
1994-12-22 10:15:00	FORKS	4533.0	A,[91]
1994-12-23 05:00:00	FORKS	3302.0	A,[91]
1994-12-27 16:00:00	FORKS	12770.0	A,[91]
1994-12-28 10:45:00	FORKS	8333.0	A,[91]
1994-12-29 10:30:00	FORKS	4246.0	A,[91]
1994-12-30 06:00:00	FORKS	3008.0	A,[91]
1994-12-31 16:15:00	FORKS	2008.0	A,[91]
1995-01-15 08:15:00	FORKS	2146.0	A,[91]
1995-01-19 03:45:00	FORKS	3728.0	A,[91]
1995-01-20 00:15:00	FORKS	2204.0	A,[91]
1995-02-01 04:45:00	FORKS	21700.0	A,[91]
1995-02-01 23:15:00	FORKS	9660.0	A,[91]
1995-02-02 22:45:00	FORKS	5658.0	A,[91]
1995-02-05 07:45:00	FORKS	3881.0	A,[91]
1995-02-07 09:00:00	FORKS	2897.0	A,[91]
1995-02-17 22:45:00	FORKS	3325.0	A,[91]
1995-02-19 15:00:00	FORKS	31210.0	A,[91]
1995-02-20 09:45:00	FORKS	16070.0	A,[91]
1995-02-21 10:45:00	FORKS	8380.0	A,[91]
1995-02-22 06:00:00	FORKS	5519.0	A,[91]
1995-02-23 01:00:00	FORKS	3734.0	A,[91]
1995-02-25 16:45:00	FORKS	2809.0	A,[91]
1995-03-10 11:30:00	FORKS	3997.0	A,[91]
1995-03-12 11:15:00	FORKS	4244.0	A,[91]
1995-03-15 08:15:00	FORKS	3109.0	A,[91]
1995-03-19 13:00:00	FORKS	3568.0	A,[91]
1995-03-20 07:30:00	FORKS	2582.0	A,[91]
1995-04-11 15:00:00	FORKS	2053.0	A,[91]
1995-04-28 09:15:00	FORKS	2138.0	A,[91]
1995-05-03 08:00:00	FORKS	3668.5906735751296	hf.missing
1995-05-10 18:15:00	FORKS	3632.0	A,[91]
1995-05-11 13:30:00	FORKS	3056.0	A,[91]
1995-05-16 11:00:00	FORKS	3450.0	A,[91]
1995-05-17 14:00:00	FORKS	2890.0	A,[91]
1995-05-29 10:15:00	FORKS	2905.0	A,[91]
1995-05-30 09:45:00	FORKS	3140.0	A,[91]
1995-06-07 03:45:00	FORKS	2448.0	A,[91]
1995-06-11 13:00:00	FORKS	2601.0	A,[91]
1995-07-04 13:45:00	FORKS	2134.0	A,[91]
1995-07-05 08:30:00	FORKS	1680.0	A,[91]
1995-08-08 08:30:00	FORKS	4023.0	A,[91]
1995-08-09 05:00:00	FORKS	1668.0	A,[91]
1995-08-18 07:15:00	FORKS	1508.25	A,[91]
1995-10-01 03:45:00	FORKS	4231.0	A,[91]
1995-10-03 19:00:00	FORKS	10550.0	A,[91]
1995-10-04 14:00:00	FORKS	3801.0	A,[91]
1995-10-11 01:00:00	FORKS	14520.0	A,[91]
1995-10-11 19:15:00	FORKS	7990.0	A,[91]
1995-10-12 13:30:00	FORKS	5095.0	A,[91]
1995-10-13 10:45:00	FORKS	3340.0	A,[91]
1995-10-16 19:30:00	FORKS	3554.0	A,[91]
1995-10-18 02:45:00	FORKS	6425.0	A,[91]
1995-10-18 22:30:00	FORKS	3329.0	A,[91]
1995-10-21 23:30:00	FORKS	2486.0	A,[91]
1995-10-26 13:45:00	FORKS	7687.0	A,[91]
1995-10-27 08:45:00	FORKS	3869.0	A,[91]
1995-10-28 03:15:00	FORKS	2609.0	A,[91]
1995-11-08 23:15:00	FORKS	32230.0	A,[91]
1995-11-09 19:30:00	FORKS	7970.0	A,[91]
1995-11-11 13:45:00	FORKS	29650.0	A,[91]
1995-11-12 08:45:00	FORKS	7920.0	A,[91]
1995-11-14 04:00:00	FORKS	13080.0	A,[91]
1995-11-15 03:45:00	FORKS	6460.0	A,[91]
1995-11-16 04:45:00	FORKS	5884.0	A,[91]
1995-11-17 00:30:00	FORKS	3677.0	A,[91]
1995-11-18 14:30:00	FORKS	4420.0	A,[91]
1995-11-19 09:00:00	FORKS	3502.0	A,[91]
1995-11-24 05:15:00	FORKS	7280.0	A,[91]
1995-11-25 09:00:00	FORKS	12270.0	A,[91]
1995-11-26 04:45:00	FORKS	7240.0	A,[91]
1995-11-26 23:30:00	FORKS	6391.0	A,[91]
1995-11-29 10:30:00	FORKS	47960.0	A,[91]
1995-11-30 06:45:00	FORKS	29460.0	A,[91]
1995-12-01 02:00:00	FORKS	13090.0	A,[91]
1995-12-02 01:30:00	FORKS	7930.0	A,[91]
1995-12-02 23:00:00	FORKS	5229.0	A,[91]
1995-12-04 12:00:00	FORKS	4195.0	A,[91]
1995-12-05 08:00:00	FORKS	2891.0	A,[91]
1995-12-11 15:30:00	FORKS	5356.375	A,[91]
1995-12-13 11:30:00	FORKS	8135.0	A,[91]
1995-12-14 07:45:00	FORKS	5020.591836734694	A,[91]
1995-12-16 08:15:00	FORKS	3176.208333333333	A,[91]
1995-12-18 02:00:00	FORKS	2131.0	A,[91]
1995-12-31 14:15:00	FORKS	8920.0	A,[91]
1996-01-01 15:15:00	FORKS	4209.604166666666	A,[91]
1996-01-03 15:15:00	FORKS	11110.0	A,[91]
1996-01-04 10:30:00	FORKS	5913.0	A,[91]
1996-01-05 06:15:00	FORKS	3687.0	A,[91]
1996-01-07 18:00:00	FORKS	21510.0	A,[91]
1996-01-08 20:30:00	FORKS	6370.0	A,[91]
1996-01-09 19:00:00	FORKS	3742.0	A,[91]
1996-01-11 07:00:00	FORKS	2753.0	A,[91]
1996-01-14 17:30:00	FORKS	9950.0	A,[91]
1996-01-16 06:30:00	FORKS	11550.0	A,[91]
1996-01-17 06:00:00	FORKS	4794.0	A,[91]
1996-01-18 01:15:00	FORKS	3249.0	A,[91]
1996-01-19 11:00:00	FORKS	2241.0	A,[91]
1996-02-07 06:15:00	FORKS	25610.0	A,[91]
1996-02-09 02:15:00	FORKS	43740.0	A,[91]
1996-02-10 05:45:00	FORKS	8670.0	A,[91]
1996-02-11 01:45:00	FORKS	4844.0	A,[91]
1996-02-18 19:15:00	FORKS	8430.0	A,[91]
1996-02-19 16:45:00	FORKS	5690.729166666666	A,[91]
1996-02-20 16:30:00	FORKS	4008.0833333333335	A,[91]
1996-02-21 21:15:00	FORKS	2811.0	A,[91]
1996-03-10 21:30:00	FORKS	2822.375	A,[91]
1996-03-11 17:00:00	FORKS	2627.25	A,[91]
1996-03-16 07:30:00	FORKS	1835.2291666666667	A,[91]
1996-04-02 12:15:00	FORKS	2184.34375	A,[91]
1996-04-07 11:15:00	FORKS	3706.326086956522	A,[91]
1996-04-08 08:30:00	FORKS	3600.25	A,[91]
1996-04-12 20:30:00	FORKS	2558.5	A,[91]
1996-04-24 03:00:00	FORKS	10150.0	A,[91]
1996-04-25 08:15:00	FORKS	4788.4375	A,[91]
1996-04-26 17:00:00	FORKS	3703.1666666666665	A,[91]
1996-04-28 16:30:00	FORKS	2589.5	A,[91]
1996-05-14 07:00:00	FORKS	5452.0	A,[91]
1996-05-19 14:30:00	FORKS	3675.0	A,[91]
1996-05-23 07:15:00	FORKS	4629.416666666666	A,[91]
1996-05-24 07:30:00	FORKS	3476.708333333333	A,[91]
1996-05-30 05:45:00	FORKS	3438.8541666666665	A,[91]
1996-06-04 07:00:00	FORKS	3181.0	A,[91]
1996-06-05 02:30:00	FORKS	2447.375	A,[91]
1996-06-27 07:30:00	FORKS	1565.625	A,[91]
1996-08-03 08:45:00	FORKS	1919.8229166666667	A,[91]
1996-08-05 17:45:00	FORKS	2355.583333333333	A,[91]
1996-10-31 08:00:00	FORKS	2662.0	A,[91]
1996-11-07 03:00:00	FORKS	3702.0	A,[91]
1996-11-09 00:15:00	FORKS	5197.0	A,[91]
1996-11-09 20:15:00	FORKS	3416.0	A,[91]
1996-11-13 18:15:00	FORKS	5335.0	A,[91]
1996-11-14 14:30:00	FORKS	4528.0	A,[91]
1996-11-15 10:00:00	FORKS	3079.0	A,[91]
1996-11-17 12:00:00	FORKS	2035.0	A,[91]
1996-11-26 05:00:00	FORKS	2344.0	A,[91]
1996-11-28 05:15:00	FORKS	22720.0	A,[91]
1996-11-29 05:45:00	FORKS	7260.0	A,[91]
1996-12-01 08:15:00	FORKS	5889.0	A,[91]
1996-12-02 02:30:00	FORKS	3873.0	A,[91]
1996-12-02 23:30:00	FORKS	2848.0	A,[91]
1996-12-08 19:30:00	FORKS	2417.0	A,[91]
1996-12-30 16:45:00	FORKS	3421.8855160451	A,[91]
1997-01-01 11:45:00	FORKS	6766.736339982654	A,[91]
1997-01-02 06:15:00	FORKS	5635.672159583695	A,[91]
1997-01-03 09:15:00	FORKS	4453.578490893322	A,[91]
1997-01-08 00:30:00	FORKS	5268.192541196878	A,[91]
1997-01-08 19:00:00	FORKS	3859.1283607979185	A,[91]
1997-01-10 13:15:00	FORKS	2854.0	A,[91]
1997-01-18 04:45:00	FORKS	4919.0	A,[91]
1997-01-21 03:45:00	FORKS	4266.0	A,[91]
1997-01-22 00:45:00	FORKS	3186.0	A,[91]
1997-01-23 20:45:00	FORKS	2180.0	A,[91]
1997-01-30 19:15:00	FORKS	14210.0	A,[91]
1997-02-01 19:45:00	FORKS	6321.0	A,[91]
1997-02-02 14:30:00	FORKS	4131.0	A,[91]
1997-02-03 11:15:00	FORKS	3086.0	A,[91]
1997-02-05 02:00:00	FORKS	2077.0	A,[91]
1997-02-15 03:30:00	FORKS	18170.0	A,[91]
1997-02-16 04:00:00	FORKS	7970.0	A,[91]
1997-02-16 23:30:00	FORKS	4831.0	A,[91]
1997-02-19 18:45:00	FORKS	4709.0	A,[91]
1997-02-20 15:15:00	FORKS	3483.0	A,[91]
1997-02-21 17:30:00	FORKS	2458.0	A,[91]
1997-03-07 17:45:00	FORKS	2948.0	A,[91]
1997-03-10 07:30:00	FORKS	3156.0	A,[91]
1997-03-11 03:00:00	FORKS	2221.4117647058824	hf.missing
1997-03-16 14:45:00	FORKS	2509.0	hf.missing
1997-03-19 19:45:00	FORKS	25510.0	A,[91]
1997-03-21 07:00:00	FORKS	8735.0	hf.missing
1997-03-22 02:00:00	FORKS	5405.555555555556	hf.missing
1997-03-22 20:15:00	FORKS	3904.96875	hf.missing
1997-03-27 09:45:00	FORKS	4118.8125	hf.missing
1997-03-28 10:00:00	FORKS	3276.1666666666665	hf.missing
1997-04-17 06:45:00	FORKS	3961.666666666667	hf.missing
1997-04-20 17:30:00	FORKS	13100.0	A,[91]
1997-04-21 13:30:00	FORKS	6703.270833333333	hf.missing
1997-04-24 06:45:00	FORKS	4489.458333333334	hf.missing
1997-04-27 13:45:00	FORKS	6817.625	hf.missing
1997-04-28 09:15:00	FORKS	6138.65625	hf.missing
1997-05-01 06:45:00	FORKS	6499.208333333333	hf.missing
1997-05-02 01:30:00	FORKS	4391.958333333333	hf.missing
1997-05-06 16:15:00	FORKS	6543.614583333333	hf.missing
1997-05-07 10:30:00	FORKS	5545.208333333333	hf.missing
1997-05-13 07:45:00	FORKS	8260.0	hf.missing
1997-05-14 08:00:00	FORKS	7840.416666666667	hf.missing
1997-05-15 07:45:00	FORKS	7639.0625	hf.missing
1997-05-16 08:30:00	FORKS	7286.875	hf.missing
1997-05-17 18:45:00	FORKS	6137.395833333333	hf.missing
1997-05-18 15:00:00	FORKS	5067.0	hf.missing
1997-05-20 09:00:00	FORKS	4327.416666666666	hf.missing
1997-05-30 06:15:00	FORKS	5579.15625	hf.missing
1997-06-01 05:15:00	FORKS	9065.416666666668	hf.missing
1997-06-01 23:30:00	FORKS	6661.25	hf.missing
1997-06-04 09:45:00	FORKS	6075.6875	hf.missing
1997-06-05 04:45:00	FORKS	4593.4375	hf.missing
1997-06-11 09:15:00	FORKS	4686.84375	hf.missing
1997-06-12 10:30:00	FORKS	3776.1458333333335	hf.missing
1997-06-16 09:45:00	FORKS	4278.9375	hf.missing
1997-06-18 04:45:00	FORKS	8840.0	A,[91]
1997-06-19 00:15:00	FORKS	4967.0	A,[91]
1997-06-22 13:15:00	FORKS	4803.505747126437	hf.missing
1997-06-24 07:30:00	FORKS	6395.260869565217	hf.missing
1997-06-25 01:45:00	FORKS	4508.5	hf.missing
1997-06-26 12:30:00	FORKS	3776.0	A,[91]
1997-06-29 15:30:00	FORKS	4519.0	A,[91]
1997-07-05 10:00:00	FORKS	3744.25	hf.missing
1997-07-06 21:15:00	FORKS	5026.0625	hf.missing
1997-07-09 12:15:00	FORKS	12590.9375	hf.missing
1997-07-10 23:00:00	FORKS	9094.0	hf.missing
1997-07-11 23:30:00	FORKS	5199.8125	hf.missing
1997-07-12 18:30:00	FORKS	3796.3125	hf.missing
1997-07-15 09:45:00	FORKS	2925.4895833333335	hf.missing
1997-07-21 09:45:00	FORKS	2289.40625	hf.missing
1997-09-18 15:00:00	FORKS	11770.0	A,[91]
1997-09-19 12:00:00	FORKS	3432.0	A,[91]
1997-09-20 09:00:00	FORKS	1809.0	A,[91]
1997-09-27 17:45:00	FORKS	4215.0	A,[91]
1997-10-05 05:00:00	FORKS	14370.0	A,[91]
1997-10-06 03:30:00	FORKS	5812.0	A,[91]
1997-10-07 01:00:00	FORKS	3326.0	A,[91]
1997-10-13 17:15:00	FORKS	3007.105719237435	A,[91]
1997-10-14 12:15:00	FORKS	2393.2270363951475	A,[91]
1997-10-30 18:30:00	FORKS	25470.0	A,[91]
1997-10-31 12:45:00	FORKS	8760.0	A,[91]
1997-11-01 08:00:00	FORKS	5792.0	A,[91]
1997-11-02 05:45:00	FORKS	3467.0	A,[91]
1997-11-04 04:45:00	FORKS	3213.0	A,[91]
1997-11-04 23:15:00	FORKS	2343.0	A,[91]
1997-11-20 20:00:00	FORKS	6779.0	A,[91]
1997-11-21 15:45:00	FORKS	3693.0	A,[91]
1997-11-24 09:30:00	FORKS	3068.826989619377	A,[91]
1997-11-25 04:00:00	FORKS	2679.8581314878893	A,[91]
1997-11-29 03:30:00	FORKS	2926.0	A,[91]
1997-11-30 08:00:00	FORKS	2407.0	A,[91]
1997-12-17 02:30:00	FORKS	12551.708333333334	hf.missing
1997-12-17 21:30:00	FORKS	4575.625	hf.missing
1997-12-18 18:00:00	FORKS	2765.6666666666665	hf.missing
1997-12-29 02:00:00	FORKS	6621.5	hf.missing
1997-12-29 20:45:00	FORKS	5091.9375	hf.missing
1997-12-30 17:30:00	FORKS	3325.3125	hf.missing
1998-01-02 04:45:00	FORKS	6039.270833333333	hf.missing
1998-01-03 02:30:00	FORKS	3013.8125	hf.missing
1998-01-07 04:00:00	FORKS	2630.833333333333	hf.missing
1998-01-15 03:45:00	FORKS	3092.052083333333	hf.missing
1998-01-18 01:15:00	FORKS	4513.625	hf.missing
1998-01-19 18:15:00	FORKS	3088.7083333333335	hf.missing
1998-01-25 08:30:00	FORKS	4190.5	hf.missing
1998-01-26 16:45:00	FORKS	3401.25	hf.missing
1998-01-30 16:45:00	FORKS	2509.458333333333	hf.missing
1998-02-13 15:30:00	FORKS	2589.5625	hf.missing
1998-03-10 08:00:00	FORKS	2131.3813169984687	A,[91]
1998-03-24 03:45:00	FORKS	4304.532006125574	A,[91]
1998-03-25 08:00:00	FORKS	3794.0	A,[91]
1998-03-27 16:15:00	FORKS	2733.0	A,[91]
1998-04-24 07:00:00	FORKS	4522.0	A,[91]
1998-04-25 01:15:00	FORKS	3174.0	A,[91]
1998-05-01 06:30:00	FORKS	6400.0	A,[91]
1998-05-02 06:00:00	FORKS	6290.0	A,[91]
1998-05-03 10:00:00	FORKS	5044.0	A,[91]
1998-05-05 09:45:00	FORKS	4633.0	A,[91]
1998-05-07 19:30:00	FORKS	3619.0	A,[91]
1998-05-18 09:30:00	FORKS	4020.0	A,[91]
1998-05-25 13:30:00	FORKS	5038.0	A,[91]
1998-05-28 01:45:00	FORKS	3818.0	A,[91]
1998-06-04 06:30:00	FORKS	3511.0	A,[91]
1998-06-08 07:15:00	FORKS	2996.0	A,[91]
1998-06-16 04:30:00	FORKS	3312.0	A,[91]
1998-06-16 23:15:00	FORKS	2509.0	A,[91]
1998-06-25 18:00:00	FORKS	2639.0	A,[91]
1998-06-27 01:00:00	FORKS	2548.0	A,[91]
1998-07-01 11:45:00	FORKS	1800.0	A,[91]
1998-10-04 15:30:00	FORKS	1656.0	A,[91]
1998-10-14 23:30:00	FORKS	3300.0	A,[91]
1998-10-15 18:30:00	FORKS	3113.0	A,[91]
1998-10-18 03:30:00	FORKS	3327.0	A,[91]
1998-10-18 22:45:00	FORKS	1846.0	A,[91]
1998-11-14 03:15:00	FORKS	26500.0	A,[91]
1998-11-14 23:00:00	FORKS	9550.0	A,[91]
1998-11-16 07:45:00	FORKS	7577.0	A,[91]
1998-11-17 03:00:00	FORKS	4791.0	A,[91]
1998-11-17 21:45:00	FORKS	3069.0	A,[91]
1998-11-21 07:45:00	FORKS	20760.0	A,[91]
1998-11-22 02:00:00	FORKS	8120.0	A,[91]
1998-11-22 21:00:00	FORKS	5239.0	A,[91]
1998-11-26 08:45:00	FORKS	17060.0	A,[91]
1998-11-27 03:45:00	FORKS	7210.0	A,[91]
1998-11-27 23:30:00	FORKS	4075.0	A,[91]
1998-11-28 18:15:00	FORKS	3009.0	A,[91]
1998-12-02 13:00:00	FORKS	4949.0	A,[91]
1998-12-03 08:15:00	FORKS	3119.0	A,[91]
1998-12-13 15:30:00	FORKS	10853.0	A,[91]
1998-12-14 15:15:00	FORKS	5772.0	A,[91]
1998-12-17 23:45:00	FORKS	4071.0	A,[91]
1998-12-18 18:15:00	FORKS	2968.0	A,[91]
1998-12-26 10:45:00	FORKS	7914.0	A,[91]
1998-12-28 08:00:00	FORKS	17010.0	A,[91]
1998-12-30 04:15:00	FORKS	30100.0	A,[91]
1998-12-30 22:45:00	FORKS	10180.0	A,[91]
1999-01-01 00:30:00	FORKS	7560.0	A,[91]
1999-01-01 18:45:00	FORKS	4726.0	A,[91]
1999-01-02 14:00:00	FORKS	3394.0	A,[91]
1999-01-10 22:45:00	FORKS	7154.974025974026	A,[91]
1999-01-11 17:45:00	FORKS	4177.007792207793	A,[91]
1999-01-15 01:00:00	FORKS	24860.0	A,[91]
1999-01-15 19:30:00	FORKS	7200.0	A,[91]
1999-01-16 14:45:00	FORKS	4445.0	A,[91]
1999-01-19 09:00:00	FORKS	4747.0	A,[91]
1999-01-20 04:00:00	FORKS	3472.0	A,[91]
1999-01-22 05:15:00	FORKS	2776.0	A,[91]
1999-01-29 15:45:00	FORKS	2556.0	A,[91]
1999-01-30 12:15:00	FORKS	2520.0	A,[91]
1999-02-02 23:30:00	FORKS	3428.0	A,[91]
1999-02-07 10:30:00	FORKS	2561.0	A,[91]
1999-02-25 07:45:00	FORKS	4763.0	A,[91]
1999-02-26 02:30:00	FORKS	2914.0	A,[91]
1999-02-28 18:30:00	FORKS	4397.0	A,[91]
1999-03-01 12:45:00	FORKS	3299.0	A,[91]
1999-03-02 15:15:00	FORKS	2267.0	A,[91]
1999-03-22 00:15:00	FORKS	2891.0	A,[91]
1999-03-23 14:45:00	FORKS	2474.0	A,[91]
1999-04-18 10:30:00	FORKS	2992.0	A,[91]
1999-04-20 11:15:00	FORKS	2985.0	A,[91]
1999-04-25 11:30:00	FORKS	4077.0	A,[91]
1999-04-26 06:00:00	FORKS	3868.0	A,[91]
1999-04-27 05:00:00	FORKS	2854.0	A,[91]
1999-05-02 04:00:00	FORKS	2955.0	A,[91]
1999-05-03 10:45:00	FORKS	2630.0	A,[91]
1999-05-19 05:15:00	FORKS	5366.0	A,[91]
1999-05-20 00:00:00	FORKS	3956.0	A,[91]
1999-05-25 05:45:00	FORKS	9680.0	A,[91]
1999-05-26 00:15:00	FORKS	6690.0	A,[91]
1999-05-28 10:45:00	FORKS	4952.0	A,[91]
1999-06-01 15:00:00	FORKS	6090.0	A,[91]
1999-06-02 09:15:00	FORKS	4383.0	A,[91]
1999-06-05 22:00:00	FORKS	6310.0	A,[91]
1999-06-06 17:45:00	FORKS	4638.0	A,[91]
1999-06-07 12:15:00	FORKS	3564.0	A,[91]
1999-06-15 08:45:00	FORKS	8450.0	A,[91]
1999-06-16 05:30:00	FORKS	8080.0	A,[91]
1999-06-17 00:00:00	FORKS	5730.0	A,[91]
1999-06-18 09:00:00	FORKS	5259.0	A,[91]
1999-06-19 19:45:00	FORKS	4129.0	A,[91]
1999-06-22 15:00:00	FORKS	5925.0	A,[91]
1999-06-24 19:45:00	FORKS	8190.0	A,[91]
1999-06-25 14:30:00	FORKS	6323.0	A,[91]
1999-06-26 13:30:00	FORKS	5250.0	A,[91]
1999-06-27 08:00:00	FORKS	4067.0	A,[91]
1999-07-03 10:30:00	FORKS	6059.0	A,[91]
1999-07-04 04:45:00	FORKS	4256.0	A,[91]
1999-07-07 10:15:00	FORKS	4875.0	A,[91]
1999-07-10 09:15:00	FORKS	4735.0	A,[91]
1999-07-11 08:00:00	FORKS	4989.0	A,[91]
1999-07-12 09:15:00	FORKS	4428.0	A,[91]
1999-07-14 08:30:00	FORKS	3707.0	A,[91]
1999-07-17 12:00:00	FORKS	3321.0	A,[91]
1999-07-20 09:45:00	FORKS	3049.0	A,[91]
1999-07-28 11:30:00	FORKS	2269.0	A,[91]
1999-08-16 17:15:00	FORKS	1541.0	A,[91]
1999-10-08 18:45:00	FORKS	15500.0	A,[91]
1999-10-09 20:15:00	FORKS	3730.0	A,[91]
1999-10-14 01:30:00	FORKS	1992.0	A,[91]
1999-10-29 06:15:00	FORKS	5452.0	A,[91]
1999-10-31 16:00:00	FORKS	5587.0	A,[91]
1999-11-01 11:45:00	FORKS	2782.0	A,[91]
1999-11-04 09:15:00	FORKS	2763.0	A,[91]
1999-11-06 18:45:00	FORKS	2949.0	A,[91]
1999-11-10 16:00:00	FORKS	5491.0	A,[91]
1999-11-12 20:15:00	FORKS	19860.0	A,[91]
1999-11-14 02:45:00	FORKS	13590.0	A,[91]
1999-11-14 22:15:00	FORKS	5765.0	A,[91]
1999-11-15 17:30:00	FORKS	3590.0	A,[91]
1999-11-20 14:00:00	FORKS	3077.0	A,[91]
1999-11-25 09:15:00	FORKS	20670.0	A,[91]
1999-11-26 05:45:00	FORKS	16630.0	A,[91]
1999-11-27 03:30:00	FORKS	7230.0	A,[91]
1999-11-27 22:15:00	FORKS	4399.0	A,[91]
1999-11-30 17:00:00	FORKS	3716.0	A,[91]
1999-12-02 16:45:00	FORKS	7589.0	A,[91]
1999-12-03 12:45:00	FORKS	3682.0	A,[91]
1999-12-07 01:15:00	FORKS	4361.0	A,[91]
1999-12-11 21:00:00	FORKS	11470.0	A,[91]
1999-12-12 23:15:00	FORKS	12200.0	A,[91]
1999-12-16 03:15:00	FORKS	32950.0	A,[91]
1999-12-16 21:45:00	FORKS	11280.0	A,[91]
1999-12-18 12:45:00	FORKS	13250.0	A,[91]
1999-12-19 07:00:00	FORKS	7400.0	A,[91]
1999-12-20 01:15:00	FORKS	4779.0	A,[91]
1999-12-20 20:00:00	FORKS	3548.0	A,[91]
1999-12-22 06:30:00	FORKS	2538.0	A,[91]
2000-01-04 20:30:00	FORKS	3552.0	A,[91]
2000-01-09 00:00:00	FORKS	2876.0	A,[91]
2000-01-09 21:15:00	FORKS	2488.0	A,[91]
2000-02-01 23:30:00	FORKS	6394.0	A,[91]
2000-02-02 19:45:00	FORKS	2966.0	A,[91]
2000-02-09 07:30:00	FORKS	3114.0	A,[91]
2000-02-10 01:45:00	FORKS	2212.0	A,[91]
2000-03-04 15:45:00	FORKS	1886.0	A,[91]
2000-03-19 07:30:00	FORKS	2995.0	A,[91]
2000-03-23 08:15:00	FORKS	2829.0	A,[91]
2000-04-04 21:30:00	FORKS	3452.5	hf.missing
2000-04-15 08:45:00	FORKS	10000.0	A,[91]
2000-04-16 03:30:00	FORKS	5987.0	A,[91]
2000-04-16 23:00:00	FORKS	3931.0	A,[91]
2000-04-22 16:15:00	FORKS	3808.0	A,[91]
2000-04-23 10:30:00	FORKS	3106.0	A,[91]
2000-04-28 09:15:00	FORKS	2879.0	A,[91]
2000-05-04 00:00:00	FORKS	4241.0	A,[91]
2000-05-04 18:30:00	FORKS	3176.0	A,[91]
2000-05-10 10:15:00	FORKS	3236.0	A,[91]
2000-05-16 08:30:00	FORKS	4004.0	A,[91]
2000-05-17 10:00:00	FORKS	4352.0	A,[91]
2000-05-19 22:30:00	FORKS	5801.0	A,[91]
2000-05-22 08:45:00	FORKS	7740.0	A,[91]
2000-05-23 03:15:00	FORKS	5317.0	A,[91]
2000-05-24 09:00:00	FORKS	3987.0	A,[91]
2000-05-28 04:30:00	FORKS	4865.0	A,[91]
2000-05-29 09:15:00	FORKS	4129.0	A,[91]
2000-06-05 08:15:00	FORKS	4979.0	A,[91]
2000-06-06 08:45:00	FORKS	3813.0	A,[91]
2000-06-12 20:15:00	FORKS	13800.0	A,[91]
2000-06-13 15:30:00	FORKS	6876.0	A,[91]
2000-06-15 05:00:00	FORKS	9450.0	A,[91]
2000-06-15 23:15:00	FORKS	5428.0	A,[91]
2000-06-16 18:30:00	FORKS	3943.0	A,[91]
2000-06-29 09:15:00	FORKS	3063.0	A,[91]
2000-07-01 01:45:00	FORKS	2024.0	A,[91]
2000-09-09 07:00:00	FORKS	2710.0	A,[91]
2000-09-10 18:45:00	FORKS	5729.0	A,[91]
2000-09-11 13:30:00	FORKS	2396.0	A,[91]
2000-09-30 17:00:00	FORKS	17670.0	A,[91]
2000-10-01 11:30:00	FORKS	11370.0	A,[91]
2000-10-02 14:00:00	FORKS	3542.0	A,[91]
2000-10-03 09:00:00	FORKS	2337.0	A,[91]
2000-10-17 08:30:00	FORKS	2144.0	A,[91]
2000-10-21 04:45:00	FORKS	7627.0	A,[91]
2000-10-22 01:00:00	FORKS	3057.0	A,[91]
2000-10-22 22:30:00	FORKS	1952.0	A,[91]
2000-11-05 05:00:00	FORKS	1610.0	A,[91]
2000-11-27 09:30:00	FORKS	2473.8058925476603	A,[91]
2000-11-28 04:15:00	FORKS	1647.9809358752166	A,[91]
2000-12-17 12:15:00	FORKS	1772.0	A,[91]
2000-12-27 20:00:00	FORKS	2032.0	A,[91]
2000-12-30 21:00:00	FORKS	2594.0	A,[91]
2001-01-05 16:30:00	FORKS	6948.0	A,[91]
2001-01-06 10:45:00	FORKS	4205.0	A,[91]
2001-01-07 05:15:00	FORKS	2624.0	A,[91]
2001-01-31 17:00:00	FORKS	1883.0	A,[91]
2001-02-04 20:45:00	FORKS	3527.0	A,[91]
2001-02-05 15:00:00	FORKS	2977.0	A,[91]
2001-02-06 11:00:00	FORKS	1881.0	A,[91]
2001-03-19 10:45:00	FORKS	9340.0	A,[91]
2001-03-20 06:45:00	FORKS	3515.0	A,[91]
2001-03-21 01:00:00	FORKS	2335.0	A,[91]
2001-03-26 07:30:00	FORKS	3050.0	A,[91]
2001-03-28 19:45:00	FORKS	3782.0	A,[91]
2001-04-01 01:30:00	FORKS	5401.0	A,[91]
2001-04-01 21:45:00	FORKS	3201.0	A,[91]
2001-04-02 22:45:00	FORKS	2200.0	A,[91]
2001-04-24 04:15:00	FORKS	2168.0	A,[91]
2001-04-27 06:30:00	FORKS	4562.0	A,[91]
2001-04-29 05:45:00	FORKS	3725.0	A,[91]
2001-05-01 01:00:00	FORKS	5520.0	A,[91]
2001-05-01 19:15:00	FORKS	3596.0	A,[91]
2001-05-13 07:45:00	FORKS	4164.0	A,[91]
2001-05-15 09:30:00	FORKS	7250.0	A,[91]
2001-05-16 10:15:00	FORKS	6210.0	A,[91]
2001-05-17 05:45:00	FORKS	4186.0	A,[91]
2001-05-18 01:00:00	FORKS	2926.0	A,[91]
2001-05-24 06:15:00	FORKS	5650.0	A,[91]
2001-05-25 07:15:00	FORKS	4563.0	A,[91]
2001-05-26 09:15:00	FORKS	3500.0	A,[91]
2001-05-29 02:45:00	FORKS	2479.0	A,[91]
2001-06-02 07:45:00	FORKS	2480.0	A,[91]
2001-06-03 10:45:00	FORKS	2764.0	A,[91]
2001-06-09 22:15:00	FORKS	2494.0	A,[91]
2001-06-12 20:30:00	FORKS	5132.0	A,[91]
2001-06-13 15:30:00	FORKS	3419.0	A,[91]
2001-06-15 02:00:00	FORKS	2416.0	A,[91]
2001-06-28 05:45:00	FORKS	2307.0	A,[91]
2001-06-29 00:45:00	FORKS	2063.0	A,[91]
2001-07-28 23:15:00	FORKS	1378.0	A,[91]
2001-08-24 13:00:00	FORKS	1226.0	A,[91]
2001-10-11 13:15:00	FORKS	4725.0	A,[91]
2001-10-13 08:00:00	FORKS	8531.0	A,[91]
2001-10-14 19:15:00	FORKS	4710.0	A,[91]
2001-10-15 15:45:00	FORKS	2414.0	A,[91]
2001-10-19 21:30:00	FORKS	7545.0	A,[91]
2001-10-20 16:15:00	FORKS	3511.0	A,[91]
2001-10-23 04:30:00	FORKS	7380.0	A,[91]
2001-10-24 00:00:00	FORKS	5609.0	A,[91]
2001-10-26 00:15:00	FORKS	6308.0	A,[91]
2001-10-26 19:15:00	FORKS	4216.0	A,[91]
2001-10-28 07:00:00	FORKS	3158.0	A,[91]
2001-10-31 17:00:00	FORKS	6164.0	A,[91]
2001-11-01 11:30:00	FORKS	5101.0	A,[91]
2001-11-02 19:00:00	FORKS	5179.0	A,[91]
2001-11-03 14:30:00	FORKS	3368.0	A,[91]
2001-11-05 14:00:00	FORKS	3047.0	A,[91]
2001-11-06 20:00:00	FORKS	2040.0	A,[91]
2001-11-14 20:30:00	FORKS	21550.0	A,[91]
2001-11-16 01:45:00	FORKS	10520.0	A,[91]
2001-11-16 21:30:00	FORKS	5661.0	A,[91]
2001-11-17 16:45:00	FORKS	3744.0	A,[91]
2001-11-21 17:45:00	FORKS	4368.0	A,[91]
2001-11-23 10:00:00	FORKS	6798.0	A,[91]
2001-11-24 05:15:00	FORKS	4130.0	A,[91]
2001-11-25 00:15:00	FORKS	2874.0	A,[91]
2001-12-02 10:45:00	FORKS	3359.0	A,[91]
2001-12-03 05:00:00	FORKS	2197.0	A,[91]
2001-12-14 03:30:00	FORKS	11510.0	A,[91]
2001-12-14 22:45:00	FORKS	5745.0	A,[91]
2001-12-17 09:15:00	FORKS	15000.0	A,[91]
2001-12-18 03:45:00	FORKS	5988.0	A,[91]
2001-12-18 23:30:00	FORKS	3783.0	A,[91]
2001-12-19 21:15:00	FORKS	2732.0	A,[91]
2002-01-08 08:15:00	FORKS	21080.0	A,[91]
2002-01-09 02:45:00	FORKS	12130.0	A,[91]
2002-01-09 22:00:00	FORKS	6600.0	A,[91]
2002-01-10 16:30:00	FORKS	4231.0	A,[91]
2002-01-13 03:30:00	FORKS	5371.0	A,[91]
2002-01-13 22:00:00	FORKS	3240.0	A,[91]
2002-01-15 05:30:00	FORKS	2226.0	A,[91]
2002-01-25 15:45:00	FORKS	4753.0	A,[91]
2002-01-26 10:45:00	FORKS	2621.0	A,[91]
2002-02-22 21:45:00	FORKS	13710.0	A,[91]
2002-02-23 16:00:00	FORKS	7440.0	A,[91]
2002-02-24 11:00:00	FORKS	5948.0	A,[91]
2002-02-25 06:30:00	FORKS	3752.0	A,[91]
2002-02-26 03:30:00	FORKS	2737.0	A,[91]
2002-03-12 02:15:00	FORKS	7152.0	A,[91]
2002-03-12 23:30:00	FORKS	3385.0	A,[91]
2002-03-14 02:15:00	FORKS	2420.0	A,[91]
2002-03-29 04:15:00	FORKS	2369.0	A,[91]
2002-04-07 16:00:00	FORKS	5470.0	A,[91]
2002-04-11 10:00:00	FORKS	5354.0	A,[91]
2002-04-12 20:00:00	FORKS	9470.0	A,[91]
2002-04-14 12:45:00	FORKS	23130.0	A,[91]
2002-04-15 08:15:00	FORKS	9060.0	A,[91]
2002-04-16 03:00:00	FORKS	5934.0	A,[91]
2002-04-16 21:45:00	FORKS	4275.0	A,[91]
2002-04-17 20:00:00	FORKS	3282.0	A,[91]
2002-05-02 09:30:00	FORKS	4183.0	A,[91]
2002-05-03 09:00:00	FORKS	3813.0	A,[91]
2002-05-04 12:45:00	FORKS	2803.0	A,[91]
2002-05-14 18:00:00	FORKS	4429.0	A,[91]
2002-05-18 07:15:00	FORKS	4153.0	A,[91]
2002-05-20 17:45:00	FORKS	5310.0	A,[91]
2002-05-22 19:45:00	FORKS	5235.0	A,[91]
2002-05-28 15:30:00	FORKS	8990.0	A,[91]
2002-05-29 17:15:00	FORKS	10200.0	A,[91]
2002-05-30 12:45:00	FORKS	7380.0	A,[91]
2002-05-31 07:00:00	FORKS	6340.0	A,[91]
2002-06-06 11:30:00	FORKS	7290.0	A,[91]
2002-06-07 06:15:00	FORKS	5424.0	A,[91]
2002-06-08 02:00:00	FORKS	3810.0	A,[91]
2002-06-14 07:30:00	FORKS	8410.0	A,[91]
2002-06-15 07:00:00	FORKS	7580.0	A,[91]
2002-06-16 07:15:00	FORKS	6120.0	A,[91]
2002-06-19 00:15:00	FORKS	7080.0	A,[91]
2002-06-19 18:30:00	FORKS	4881.0	A,[91]
2002-06-22 08:00:00	FORKS	5833.0	A,[91]
2002-06-23 08:00:00	FORKS	5706.0	A,[91]
2002-06-27 07:30:00	FORKS	5788.0	A,[91]
2002-06-29 14:15:00	FORKS	12620.0	A,[91]
2002-06-30 09:30:00	FORKS	5508.0	A,[91]
2002-07-01 03:45:00	FORKS	3636.0	A,[91]
2002-07-08 14:30:00	FORKS	4287.0	A,[91]
2002-07-11 08:30:00	FORKS	3589.0	A,[91]
2002-07-12 07:45:00	FORKS	3359.0	A,[91]
2002-07-14 20:15:00	FORKS	2324.0	A,[91]
2002-07-25 11:00:00	FORKS	1405.0	A,[91]
2002-10-04 01:15:00	FORKS	1376.0	A,[91]
2002-11-11 23:00:00	FORKS	1442.0	A,[91]
2002-11-13 12:45:00	FORKS	3858.0	A,[91]
2002-11-14 15:00:00	FORKS	2212.0	A,[91]
2002-11-17 07:15:00	FORKS	2003.0	A,[91]
2002-11-19 22:45:00	FORKS	21070.0	A,[91]
2002-11-21 00:30:00	FORKS	4821.0	A,[91]
2002-11-21 20:30:00	FORKS	3047.0	A,[91]
2002-11-22 21:00:00	FORKS	2010.0	A,[91]
2002-12-13 08:15:00	FORKS	3643.0	A,[91]
2002-12-15 08:15:00	FORKS	5659.0	A,[91]
2002-12-16 22:30:00	FORKS	3805.0	A,[91]
2002-12-17 18:00:00	FORKS	2566.0	A,[91]
2003-01-03 12:30:00	FORKS	4462.0	A,[91]
2003-01-05 05:45:00	FORKS	7830.0	A,[91]
2003-01-06 00:45:00	FORKS	3646.0	A,[91]
2003-01-06 19:45:00	FORKS	2447.0	A,[91]
2003-01-13 03:30:00	FORKS	2942.0	A,[91]
2003-01-14 00:15:00	FORKS	1892.0	A,[91]
2003-01-23 19:15:00	FORKS	4651.0	A,[91]
2003-01-25 07:45:00	FORKS	4014.0	A,[91]
2003-01-26 20:15:00	FORKS	22290.0	A,[91]
2003-01-27 23:15:00	FORKS	8290.0	A,[91]
2003-01-28 19:00:00	FORKS	5166.0	A,[91]
2003-01-31 13:00:00	FORKS	24050.0	A,[91]
2003-02-01 11:00:00	FORKS	10200.0	A,[91]
2003-02-02 05:45:00	FORKS	5620.0	A,[91]
2003-02-03 00:15:00	FORKS	4084.0	A,[91]
2003-02-04 05:15:00	FORKS	3051.0	A,[91]
2003-02-05 19:45:00	FORKS	2033.0	A,[91]
2003-02-22 05:15:00	FORKS	6094.0	A,[91]
2003-02-23 00:15:00	FORKS	3592.0	A,[91]
2003-02-23 19:30:00	FORKS	2318.0	A,[91]
2003-03-12 05:15:00	FORKS	11170.0	A,[91]
2003-03-13 06:30:00	FORKS	16360.0	A,[91]
2003-03-14 01:15:00	FORKS	8820.0	A,[91]
2003-03-14 22:15:00	FORKS	5751.0	A,[91]
2003-03-15 17:45:00	FORKS	4359.0	A,[91]
2003-03-16 19:00:00	FORKS	3343.0	A,[91]
2003-03-22 19:45:00	FORKS	9640.0	A,[91]
2003-03-23 14:15:00	FORKS	4507.0	A,[91]
2003-03-24 11:00:00	FORKS	3078.0	A,[91]
2003-03-31 17:15:00	FORKS	8370.0	A,[91]
2003-04-01 12:00:00	FORKS	4445.0	A,[91]
2003-04-02 07:00:00	FORKS	3051.0	A,[91]
2003-04-09 15:30:00	FORKS	2731.0	A,[91]
2003-04-14 01:30:00	FORKS	2863.0	A,[91]
2003-04-24 21:00:00	FORKS	2523.0	A,[91]
2003-05-05 09:30:00	FORKS	2736.0	A,[91]
2003-05-06 04:45:00	FORKS	2336.0	A,[91]
2003-05-15 11:15:00	FORKS	2384.0	A,[91]
2003-05-25 04:45:00	FORKS	5010.0	A,[91]
2003-05-25 23:00:00	FORKS	3420.0	A,[91]
2003-05-29 07:00:00	FORKS	3682.0	A,[91]
2003-05-31 08:15:00	FORKS	3071.0	A,[91]
2003-06-06 09:15:00	FORKS	2833.0	A,[91]
2003-06-07 09:00:00	FORKS	3125.0	A,[91]
2003-06-21 17:15:00	FORKS	2239.0	A,[91]
2003-06-22 11:45:00	FORKS	1600.0	A,[91]
2003-09-12 07:00:00	FORKS	2503.0	A,[91]
2003-09-20 07:00:00	FORKS	1267.0	A,[91]
2003-10-11 00:00:00	FORKS	1535.0	A,[91]
2003-10-12 22:45:00	FORKS	4236.0	A,[91]
2003-10-13 18:45:00	FORKS	3185.0	A,[91]
2003-10-16 21:15:00	FORKS	10360.0	A,[91]
2003-10-17 18:45:00	FORKS	6267.0	A,[91]
2003-10-21 07:00:00	FORKS	32700.0	A,[91]
2003-10-22 03:30:00	FORKS	8035.0	A,[91]
2003-10-23 09:45:00	FORKS	4419.0	A,[91]
2003-10-24 06:00:00	FORKS	3231.0	A,[91]
2003-10-25 06:00:00	FORKS	2175.0	A,[91]
2003-10-29 03:45:00	FORKS	12370.0	A,[91]
2003-10-29 22:00:00	FORKS	3888.0	A,[91]
2003-10-30 16:45:00	FORKS	2477.0	A,[91]
2003-11-11 15:30:00	FORKS	11730.0	A,[91]
2003-11-12 10:30:00	FORKS	3819.0	A,[91]
2003-11-13 05:30:00	FORKS	2306.0	A,[91]
2003-11-18 21:30:00	FORKS	29120.0	A,[91]
2003-11-19 23:15:00	FORKS	9260.0	A,[91]
2003-11-20 18:00:00	FORKS	4860.0	A,[91]
2003-11-21 13:30:00	FORKS	3257.0	A,[91]
2003-11-29 11:30:00	FORKS	22530.0	A,[91]
2003-11-30 07:00:00	FORKS	7330.0	A,[91]
2003-12-01 05:00:00	FORKS	3884.0	A,[91]
2003-12-03 11:30:00	FORKS	5149.0	A,[91]
2003-12-06 02:30:00	FORKS	3690.0	A,[91]
2003-12-06 21:45:00	FORKS	3276.0	A,[91]
2003-12-07 21:15:00	FORKS	2269.0	A,[91]
2003-12-17 09:30:00	FORKS	2257.0	A,[91]
2003-12-21 11:45:00	FORKS	2003.0	A,[91]
2004-01-10 21:15:00	FORKS	2183.0	A,[91]
2004-01-16 02:00:00	FORKS	10719.0	A,[91]
2004-01-17 01:45:00	FORKS	4124.0	A,[91]
2004-01-17 21:45:00	FORKS	2713.0	A,[91]
2004-01-24 10:30:00	FORKS	4059.0	A,[91]
2004-01-30 03:15:00	FORKS	21310.0	A,[91]
2004-01-30 23:00:00	FORKS	9010.0	A,[91]
2004-01-31 21:00:00	FORKS	4595.0	A,[91]
2004-02-01 16:00:00	FORKS	3391.0	A,[91]
2004-02-02 21:30:00	FORKS	2355.0	A,[91]
2004-02-19 13:30:00	FORKS	1738.0	A,[91]
2004-03-06 04:00:00	FORKS	1712.898128898129	A,[91]
2004-03-10 00:30:00	FORKS	4231.667359667359	A,[91]
2004-03-10 22:45:00	FORKS	2832.0	A,[91]
2004-03-25 04:00:00	FORKS	2367.0	A,[91]
2004-03-31 05:15:00	FORKS	2471.0	A,[91]
2004-04-12 12:30:00	FORKS	3093.0	A,[91]
2004-04-13 11:45:00	FORKS	2994.0	A,[91]
2004-04-27 12:30:00	FORKS	3159.0	A,[91]
2004-04-28 07:00:00	FORKS	3064.082474226804	A,[91]
2004-05-02 11:45:00	FORKS	3504.0	A,[91]
2004-05-05 09:15:00	FORKS	3319.0	A,[91]
2004-05-23 00:00:00	FORKS	4017.0	A,[91]
2004-05-27 07:15:00	FORKS	6805.0	A,[91]
2004-05-29 12:45:00	FORKS	6390.0	A,[91]
2004-05-31 01:30:00	FORKS	8420.0	A,[91]
2004-06-01 00:15:00	FORKS	4932.0	A,[91]
2004-06-06 17:45:00	FORKS	5735.0	A,[91]
2004-06-07 14:00:00	FORKS	3648.0	A,[91]
2004-06-13 21:00:00	FORKS	3630.0	A,[91]
2004-06-14 16:30:00	FORKS	2876.0	A,[91]
2004-06-19 20:15:00	FORKS	1809.0	A,[91]
2004-08-24 20:45:00	FORKS	9600.0	A,[91]
2004-08-26 04:30:00	FORKS	12670.0	A,[91]
2004-08-26 23:30:00	FORKS	5796.0	A,[91]
2004-08-28 07:30:00	FORKS	2573.0	A,[91]
2004-09-02 14:30:00	FORKS	2344.0	A,[91]
2004-09-11 14:30:00	FORKS	8650.0	A,[91]
2004-09-14 16:45:00	FORKS	8309.0	A,[91]
2004-09-16 04:15:00	FORKS	7630.0	A,[91]
2004-09-17 15:00:00	FORKS	5718.0	A,[91]
2004-09-18 23:45:00	FORKS	3502.0	A,[91]
2004-09-20 08:30:00	FORKS	2489.0	A,[91]
2004-10-10 05:30:00	FORKS	3114.0	A,[91]
2004-10-11 02:15:00	FORKS	2061.0	A,[91]
2004-10-17 03:45:00	FORKS	4620.0	A,[91]
2004-10-18 04:45:00	FORKS	5099.0	A,[91]
2004-10-19 01:15:00	FORKS	3448.0	A,[91]
2004-10-23 14:00:00	FORKS	2718.0	A,[91]
2004-10-24 12:30:00	FORKS	2611.0	A,[91]
2004-11-02 18:15:00	FORKS	19630.0	A,[91]
2004-11-03 23:15:00	FORKS	4457.0	A,[91]
2004-11-04 19:15:00	FORKS	2975.0	A,[91]
2004-11-06 07:30:00	FORKS	1974.0	A,[91]
2004-11-25 12:30:00	FORKS	23810.0	A,[91]
2004-11-26 11:15:00	FORKS	6832.0	A,[91]
2004-11-27 06:15:00	FORKS	3998.0	A,[91]
2004-11-28 04:45:00	FORKS	2898.0	A,[91]
2004-12-09 00:30:00	FORKS	3236.0	A,[91]
2004-12-11 12:00:00	FORKS	30690.0	A,[91]
2004-12-12 06:30:00	FORKS	8440.0	A,[91]
2004-12-13 01:45:00	FORKS	4641.0	A,[91]
2004-12-15 03:45:00	FORKS	7967.0	A,[91]
2004-12-15 23:15:00	FORKS	4708.0	A,[91]
2004-12-16 18:30:00	FORKS	3189.0	A,[91]
2004-12-21 05:00:00	FORKS	2160.0	A,[91]
2005-01-18 12:45:00	FORKS	36300.0	A,[91]
2005-01-19 07:15:00	FORKS	23160.0	A,[91]
2005-01-20 03:00:00	FORKS	8590.0	A,[91]
2005-01-21 08:00:00	FORKS	7790.0	A,[91]
2005-01-22 02:30:00	FORKS	4915.0	A,[91]
2005-01-23 09:30:00	FORKS	5699.0	A,[91]
2005-01-24 03:45:00	FORKS	3897.0	A,[91]
2005-01-25 00:30:00	FORKS	2872.0	A,[91]
2005-02-05 06:00:00	FORKS	2367.0	A,[91]
2005-02-06 00:30:00	FORKS	1716.0	A,[91]
2005-03-21 09:45:00	FORKS	1770.0	A,[91]
2005-03-28 03:00:00	FORKS	5815.0	A,[91]
2005-03-30 05:15:00	FORKS	3732.0	A,[91]
2005-04-01 23:15:00	FORKS	3538.0	A,[91]
2005-04-02 17:45:00	FORKS	2498.0	A,[91]
2005-04-08 07:45:00	FORKS	2796.0	A,[91]
2005-04-17 00:00:00	FORKS	3726.0	A,[91]
2005-04-24 11:15:00	FORKS	3738.0	A,[91]
2005-04-26 08:00:00	FORKS	3488.0	A,[91]
2005-04-28 22:00:00	FORKS	2362.0	A,[91]
2005-05-10 15:45:00	FORKS	2919.0	A,[91]
2005-05-16 07:00:00	FORKS	4268.0	A,[91]
2005-05-21 13:45:00	FORKS	2897.0	A,[91]
2005-05-22 15:45:00	FORKS	2491.0	A,[91]
2005-06-01 18:30:00	FORKS	3350.0	A,[91]
2005-06-02 13:45:00	FORKS	2319.0	A,[91]
2005-06-13 23:45:00	FORKS	1835.0	A,[91]
2005-07-09 11:00:00	FORKS	2942.0	A,[91]
2005-07-10 06:15:00	FORKS	1777.0	A,[91]
2005-09-30 10:00:00	FORKS	26220.0	A,[91]
2005-10-01 08:00:00	FORKS	4611.0	A,[91]
2005-10-02 05:30:00	FORKS	4270.0	A,[91]
2005-10-03 01:45:00	FORKS	2748.0	A,[91]
2005-10-07 14:00:00	FORKS	4260.0	A,[91]
2005-10-08 08:15:00	FORKS	2300.0	A,[91]
2005-10-17 17:45:00	FORKS	3706.0	A,[91]
2005-10-20 11:30:00	FORKS	5188.0	A,[91]
2005-10-21 08:00:00	FORKS	2630.0	A,[91]
2005-10-31 20:30:00	FORKS	6530.0	A,[91]
2005-11-01 21:45:00	FORKS	6659.0	A,[91]
2005-11-02 18:45:00	FORKS	3916.0	A,[91]
2005-11-06 13:30:00	FORKS	3590.0	A,[91]
2005-11-11 08:00:00	FORKS	5617.0	A,[91]
2005-11-12 02:30:00	FORKS	3497.0	A,[91]
2005-11-14 03:15:00	FORKS	9040.0	A,[91]
2005-11-14 23:15:00	FORKS	4217.0	A,[91]
2005-11-15 18:00:00	FORKS	2811.0	A,[91]
2005-11-20 08:45:00	FORKS	2533.0	A,[91]
2005-11-26 03:00:00	FORKS	2003.0	A,[91]
2005-12-24 18:45:00	FORKS	14990.0	A,[91]
2005-12-25 21:00:00	FORKS	8580.0	A,[91]
2005-12-27 03:30:00	FORKS	5675.0	A,[91]
2005-12-27 22:15:00	FORKS	5270.0	A,[91]
2005-12-29 00:15:00	FORKS	5389.0	A,[91]
2006-01-01 08:30:00	FORKS	4196.375	A,[91]
2006-01-02 04:15:00	FORKS	3109.1875	A,[91]
2006-01-06 18:30:00	FORKS	7044.0	A,[91]
2006-01-07 18:00:00	FORKS	6330.0	A,[91]
2006-01-08 13:00:00	FORKS	4438.0	A,[91]
2006-01-10 17:00:00	FORKS	17230.0	A,[91]
2006-01-11 11:30:00	FORKS	11890.0	A,[91]
2006-01-12 07:30:00	FORKS	7290.0	A,[91]
2006-01-13 15:30:00	FORKS	5835.0	A,[91]
2006-01-14 10:00:00	FORKS	5003.0	A,[91]
2006-01-15 05:45:00	FORKS	3876.0	A,[91]
2006-01-17 12:30:00	FORKS	8849.0	A,[91]
2006-01-18 08:45:00	FORKS	4346.0	A,[91]
2006-01-19 03:45:00	FORKS	3127.0	A,[91]
2006-01-30 21:15:00	FORKS	12330.0	A,[91]
2006-01-31 16:15:00	FORKS	4867.0	A,[91]
2006-02-03 08:15:00	FORKS	4247.0	A,[91]
2006-02-04 17:30:00	FORKS	3832.0	A,[91]
2006-02-05 15:30:00	FORKS	2750.0	A,[91]
2006-02-09 04:30:00	FORKS	1829.0	A,[91]
2006-02-24 00:30:00	FORKS	1919.0	A,[91]
2006-02-28 20:15:00	FORKS	1812.0	A,[91]
2006-04-09 10:30:00	FORKS	2788.0	A,[91]
2006-04-15 00:30:00	FORKS	3630.0	A,[91]
2006-04-15 18:45:00	FORKS	2466.0	A,[91]
2006-04-26 11:30:00	FORKS	2408.0	A,[91]
2006-04-29 08:45:00	FORKS	4606.0	A,[91]
2006-04-30 05:00:00	FORKS	4018.0	A,[91]
2006-05-01 01:30:00	FORKS	2857.0	A,[91]
2006-05-06 11:00:00	FORKS	2604.0	A,[91]
2006-05-08 05:45:00	FORKS	3270.0	A,[91]
2006-05-17 07:00:00	FORKS	7650.0	A,[91]
2006-05-18 05:00:00	FORKS	8030.0	A,[91]
2006-05-19 07:30:00	FORKS	7000.0	A,[91]
2006-05-20 07:00:00	FORKS	5626.961038961039	A,[91]
2006-05-21 14:45:00	FORKS	4568.012987012988	A,[91]
2006-05-29 09:00:00	FORKS	5737.0	A,[91]
2006-05-30 04:00:00	FORKS	3980.0	A,[91]
2006-06-03 07:00:00	FORKS	6506.0	A,[91]
2006-06-05 08:15:00	FORKS	6900.0	A,[91]
2006-06-06 03:15:00	FORKS	4628.0	A,[91]
2006-06-07 08:30:00	FORKS	3670.0	A,[91]
2006-06-12 09:45:00	FORKS	3629.0	A,[91]
2006-06-13 09:15:00	FORKS	4739.0	A,[91]
2006-06-15 21:30:00	FORKS	4151.0	A,[91]
2006-06-17 04:00:00	FORKS	4017.0	A,[91]
2006-06-18 06:30:00	FORKS	2999.0	A,[91]
2006-06-27 09:00:00	FORKS	2475.0	A,[91]
2006-07-01 12:45:00	FORKS	1471.0	A,[91]
2006-09-21 20:45:00	FORKS	3250.0	A,[91]
2006-09-22 16:00:00	FORKS	1474.0	A,[91]
2006-10-20 05:30:00	FORKS	3240.0	A,[91]
2006-10-21 19:00:00	FORKS	1998.2120582120583	A,[91]
2006-10-28 00:30:00	FORKS	1770.0	A,[91]
2006-11-05 05:45:00	FORKS	19610.0	A,[91]
2006-11-07 02:15:00	FORKS	53500.0	A,[91]
2006-11-07 23:00:00	FORKS	32410.0	A,[91]
2006-11-09 07:30:00	FORKS	6053.0	A,[91]
2006-11-11 04:15:00	FORKS	5333.0	A,[91]
2006-11-13 16:30:00	FORKS	6767.0	A,[91]
2006-11-14 10:45:00	FORKS	4475.0	A,[91]
2006-11-16 07:15:00	FORKS	14110.0	A,[91]
2006-11-17 01:30:00	FORKS	5473.0	A,[91]
2006-11-17 20:45:00	FORKS	3456.0	hf.missing
2006-11-20 06:00:00	FORKS	4486.0	A,[91]
2006-11-21 22:45:00	FORKS	3621.0	A,[91]
2006-11-23 00:30:00	FORKS	2614.0	A,[91]
2006-12-12 07:15:00	FORKS	5182.0	A,[91]
2006-12-14 00:00:00	FORKS	5662.0	A,[91]
2006-12-15 06:30:00	FORKS	9827.0	A,[91]
2006-12-16 01:00:00	FORKS	4549.0	A,[91]
2006-12-16 22:00:00	FORKS	2897.0	A,[91]
2006-12-25 12:45:00	FORKS	2540.0	A,[91]
2007-01-03 03:15:00	FORKS	18350.0	A,[91]
2007-01-03 21:30:00	FORKS	7519.0	A,[91]
2007-01-04 17:30:00	FORKS	4383.0	A,[91]
2007-01-06 11:45:00	FORKS	3560.0	A,[91]
2007-01-08 01:00:00	FORKS	7513.0	A,[91]
2007-01-08 20:15:00	FORKS	4241.0	A,[91]
2007-01-10 19:15:00	FORKS	3130.0	A,[91]
2007-01-11 23:45:00	FORKS	2109.0	A,[91]
2007-01-23 23:30:00	FORKS	2097.0	A,[91]
2007-01-24 17:45:00	FORKS	1842.0	A,[91]
2007-02-08 13:00:00	FORKS	1950.0	A,[91]
2007-02-16 09:00:00	FORKS	10490.0	A,[91]
2007-02-17 03:15:00	FORKS	5219.0	A,[91]
2007-02-18 12:00:00	FORKS	3905.0	A,[91]
2007-02-20 13:30:00	FORKS	5967.0	A,[91]
2007-02-21 08:00:00	FORKS	3300.0	A,[91]
2007-02-22 09:30:00	FORKS	2256.0	A,[91]
2007-03-08 06:45:00	FORKS	2880.0	A,[91]
2007-03-12 14:15:00	FORKS	22660.0	A,[91]
2007-03-13 11:00:00	FORKS	8200.0	A,[91]
2007-03-14 07:45:00	FORKS	4510.0	A,[91]
2007-03-18 17:00:00	FORKS	7874.0	A,[91]
2007-03-20 06:45:00	FORKS	5795.0	A,[91]
2007-03-21 02:00:00	FORKS	4439.0	A,[91]
2007-03-25 06:00:00	FORKS	23250.0	A,[91]
2007-03-26 00:30:00	FORKS	9690.0	A,[91]
2007-03-27 01:15:00	FORKS	4841.0	A,[91]
2007-03-27 19:30:00	FORKS	3789.0	A,[91]
2007-03-28 21:00:00	FORKS	2775.0	A,[91]
2007-04-09 19:15:00	FORKS	3999.0	A,[91]
2007-04-10 14:00:00	FORKS	2985.0	A,[91]
2007-04-26 18:45:00	FORKS	2494.0	A,[91]
2007-04-28 20:15:00	FORKS	3278.0	A,[91]
2007-04-29 15:00:00	FORKS	2962.0	A,[91]
2007-05-09 10:00:00	FORKS	3992.0	A,[91]
2007-05-10 04:45:00	FORKS	3051.0	A,[91]
2007-05-16 12:00:00	FORKS	3463.0	A,[91]
2007-05-17 11:00:00	FORKS	3146.0	A,[91]
2007-05-31 11:00:00	FORKS	3447.0	A,[91]
2007-06-04 11:15:00	FORKS	4823.0	A,[91]
2007-06-05 06:15:00	FORKS	3665.0	A,[91]
2007-06-11 09:30:00	FORKS	3903.0	A,[91]
2007-06-12 03:45:00	FORKS	2694.0	A,[91]
2007-06-17 18:45:00	FORKS	3627.0	A,[91]
2007-06-18 13:15:00	FORKS	3313.0	A,[91]
2007-06-21 10:15:00	FORKS	2547.0	A,[91]
2007-07-06 08:45:00	FORKS	1751.0	A,[91]
2007-10-03 03:15:00	FORKS	10039.0	A
2007-10-04 02:30:00	FORKS	4929.0	A
2007-10-04 22:15:00	FORKS	2762.0	A
2007-10-08 08:15:00	FORKS	6171.0	A
2007-10-09 11:30:00	FORKS	2466.0	A
2007-10-21 17:45:00	FORKS	4553.0	A
2007-10-22 17:00:00	FORKS	5219.0	A
2007-10-23 12:00:00	FORKS	3798.0	A
2007-10-25 05:45:00	FORKS	3312.0	A
2007-10-26 04:45:00	FORKS	2249.0	A
2007-11-10 19:00:00	FORKS	2350.0	A
2007-11-13 04:45:00	FORKS	3616.0	A
2007-11-16 15:30:00	FORKS	6558.0	A
2007-11-18 06:45:00	FORKS	4668.0	A
2007-11-19 03:30:00	FORKS	2794.0	A
2007-11-20 17:15:00	FORKS	1763.0	A
2007-12-03 23:30:00	FORKS	22570.0	A
2007-12-05 00:00:00	FORKS	15680.0	A
2007-12-05 22:00:00	FORKS	5975.0	A
2007-12-06 16:30:00	FORKS	3745.0	A
2007-12-07 12:15:00	FORKS	2729.0	A
2007-12-20 08:15:00	FORKS	2087.0	A
2007-12-24 06:45:00	FORKS	4747.0	A
2007-12-25 02:30:00	FORKS	2398.0	A
2008-01-11 21:30:00	FORKS	2946.0	A
2008-01-15 06:00:00	FORKS	2907.0	A
2008-01-16 00:30:00	FORKS	1970.0	A
2008-02-11 08:15:00	FORKS	3689.0	A
2008-02-13 10:00:00	FORKS	2825.0	A
2008-03-01 13:30:00	FORKS	3547.0	A
2008-03-02 09:15:00	FORKS	2638.0	A
2008-03-11 20:00:00	FORKS	2972.0	A
2008-03-12 16:15:00	FORKS	2324.0	A
2008-04-14 12:00:00	FORKS	2930.0	A
2008-04-15 06:45:00	FORKS	2552.0	A
2008-04-29 14:00:00	FORKS	4280.0	A
2008-04-30 09:30:00	FORKS	3182.0	A
2008-05-06 12:15:00	FORKS	3745.0	A
2008-05-07 10:30:00	FORKS	3478.0	A
2008-05-11 18:45:00	FORKS	3525.0	A
2008-05-15 08:00:00	FORKS	9220.0	A
2008-05-17 06:15:00	FORKS	14480.0	A
2008-05-18 06:45:00	FORKS	16340.0	A
2008-05-19 06:45:00	FORKS	11960.0	A
2008-05-20 23:15:00	FORKS	11960.0	A
2008-05-21 18:45:00	FORKS	9050.0	A
2008-05-22 17:00:00	FORKS	6380.0	A
2008-05-26 08:00:00	FORKS	7665.675324675325	hf.missing
2008-05-27 10:00:00	FORKS	8005.722077922078	hf.missing
2008-05-28 09:30:00	FORKS	7584.418181818182	hf.missing
2008-05-29 08:15:00	FORKS	6935.709090909091	hf.missing
2008-05-30 03:00:00	FORKS	5630.838961038961	hf.missing
2008-05-31 08:45:00	FORKS	4738.0	A
2008-06-04 11:45:00	FORKS	6733.0	A
2008-06-07 04:30:00	FORKS	6183.0	A
2008-06-07 23:00:00	FORKS	5891.0	A
2008-06-10 10:45:00	FORKS	6360.0	A
2008-06-11 10:45:00	FORKS	5561.0	A
2008-06-17 11:30:00	FORKS	4691.0	A
2008-06-21 11:00:00	FORKS	5487.0	A
2008-06-22 08:00:00	FORKS	5278.0	A
2008-06-23 10:30:00	FORKS	4242.0	A
2008-06-29 07:45:00	FORKS	6980.0	A
2008-06-30 08:30:00	FORKS	7490.0	A
2008-07-01 06:15:00	FORKS	6947.0	A
2008-07-02 07:00:00	FORKS	6084.0	A
2008-07-03 16:15:00	FORKS	6232.98969072165	A
2008-07-04 12:45:00	FORKS	4874.0	A
2008-07-06 11:45:00	FORKS	4568.0	A
2008-07-07 06:30:00	FORKS	3225.0	A
2008-07-13 10:00:00	FORKS	2247.0	A
2008-08-21 21:15:00	FORKS	3102.0	A
2008-08-27 18:30:00	FORKS	2530.0	A
2008-08-29 10:15:00	FORKS	1647.0	A
2008-10-07 21:00:00	FORKS	1522.0	A
2008-10-14 14:15:00	FORKS	1883.0	A
2008-11-03 22:30:00	FORKS	1508.0	A
2008-11-07 18:30:00	FORKS	27830.0	A
2008-11-08 14:30:00	FORKS	7936.0	A
2008-11-09 11:30:00	FORKS	4192.0	A
2008-11-12 19:15:00	FORKS	44010.0	A
2008-11-13 13:45:00	FORKS	22223.649484536083	hf.missing
2008-11-14 09:30:00	FORKS	7891.0	A
2008-11-15 04:30:00	FORKS	4539.0	A
2008-11-15 23:15:00	FORKS	3291.0	A
2008-11-17 08:00:00	FORKS	2241.0	A
2008-11-30 00:00:00	FORKS	4546.009918175056	hf.missing
2008-11-30 18:15:00	FORKS	3713.8740391767915	hf.missing
2008-12-03 04:15:00	FORKS	3477.086040168609	hf.missing
2008-12-03 22:30:00	FORKS	2611.9501611703445	hf.missing
2008-12-08 01:00:00	FORKS	3523.4222663030005	hf.missing
2008-12-08 21:45:00	FORKS	2209.99380114059	hf.missing
2008-12-28 06:45:00	FORKS	3916.5727746094717	hf.missing
2008-12-29 02:45:00	FORKS	2156.2320852963057	hf.missing
2009-01-07 22:15:00	FORKS	54110.0	A
2009-01-08 16:45:00	FORKS	30910.0	A
2009-01-09 15:30:00	FORKS	8840.0	A
2009-01-10 10:00:00	FORKS	5183.0	A
2009-01-12 05:45:00	FORKS	4753.0	A
2009-01-13 23:15:00	FORKS	3746.0	A
2009-01-19 08:30:00	FORKS	2798.0	A
2009-01-23 04:30:00	FORKS	1809.0	A
2009-02-26 04:00:00	FORKS	1568.0	A
2009-03-21 10:00:00	FORKS	1759.0	A
2009-03-25 11:15:00	FORKS	2669.0	A
2009-04-03 05:30:00	FORKS	2349.0	A
2009-04-08 11:45:00	FORKS	2567.0	A
2009-04-13 08:15:00	FORKS	6794.0	A
2009-04-14 03:00:00	FORKS	3902.0	A
2009-04-22 10:15:00	FORKS	5515.0	A
2009-04-23 05:15:00	FORKS	4045.0	A
2009-04-24 04:00:00	FORKS	2994.0	A
2009-05-03 14:00:00	FORKS	2937.0	A
2009-05-06 04:30:00	FORKS	4120.0	A
2009-05-07 12:00:00	FORKS	5585.0	A
2009-05-08 07:30:00	FORKS	4053.0	A
2009-05-12 07:15:00	FORKS	6124.0	A
2009-05-13 01:30:00	FORKS	4463.0	A
2009-05-14 21:00:00	FORKS	7269.0	A
2009-05-15 16:00:00	FORKS	4730.0	A
2009-05-19 09:15:00	FORKS	7290.0	A
2009-05-20 06:15:00	FORKS	6290.0	A
2009-05-21 00:45:00	FORKS	4511.0	A
2009-05-24 07:45:00	FORKS	5079.0	A
2009-05-25 07:45:00	FORKS	4853.0	A
2009-05-30 07:15:00	FORKS	7400.0	A
2009-05-31 06:45:00	FORKS	6453.0	A
2009-06-02 07:45:00	FORKS	5938.0	A
2009-06-03 06:45:00	FORKS	5804.0	A
2009-06-04 07:45:00	FORKS	5305.0	A
2009-06-05 07:45:00	FORKS	5435.0	A
2009-06-06 06:00:00	FORKS	5021.0	A
2009-06-07 01:15:00	FORKS	3904.0	A
2009-06-11 10:30:00	FORKS	3565.0	A
2009-06-20 13:00:00	FORKS	3596.0	A
2009-06-21 07:30:00	FORKS	2247.0	A
2009-07-04 10:30:00	FORKS	1594.0	A
2009-09-07 23:45:00	FORKS	2833.0	A
2009-09-08 18:00:00	FORKS	1342.0	A
2009-10-17 11:45:00	FORKS	1572.9	A
2009-10-18 16:30:00	FORKS	3286.0	A
2009-10-23 23:15:00	FORKS	11816.0	A
2009-10-24 22:45:00	FORKS	3952.0	A
2009-10-26 19:15:00	FORKS	8624.61139896373	A
2009-10-27 13:30:00	FORKS	3914.544041450777	A
2009-10-31 13:30:00	FORKS	14390.0	A
2009-11-01 08:15:00	FORKS	6029.0	A
2009-11-02 03:00:00	FORKS	3643.0	A
2009-11-02 22:30:00	FORKS	2559.0	A
2009-11-08 05:15:00	FORKS	3564.0	A
2009-11-10 15:00:00	FORKS	2832.0	A
2009-11-17 14:45:00	FORKS	14370.0	A
2009-11-18 10:30:00	FORKS	5715.0	A
2009-11-19 23:30:00	FORKS	6195.0	A
2009-11-20 22:30:00	FORKS	5107.0	A
2009-11-21 17:30:00	FORKS	3465.0	A
2009-11-24 20:15:00	FORKS	7455.0	A
2009-11-25 17:00:00	FORKS	5449.0	A
2009-11-27 13:30:00	FORKS	4981.0	A
2009-11-28 07:45:00	FORKS	3629.0	A
2009-12-02 06:45:00	FORKS	2587.0	A
2009-12-17 15:45:00	FORKS	2568.0	A
2009-12-21 16:00:00	FORKS	6001.0	A
2009-12-22 12:15:00	FORKS	3499.0	A
2009-12-23 07:30:00	FORKS	2302.0	A
2010-01-02 14:15:00	FORKS	4210.0	A
2010-01-03 09:45:00	FORKS	3184.0	A
2010-01-05 21:15:00	FORKS	9266.0	A
2010-01-06 16:15:00	FORKS	5399.0	A
2010-01-07 10:45:00	FORKS	3283.0	A
2010-01-09 18:45:00	FORKS	4520.0	A
2010-01-12 02:30:00	FORKS	3710.0	A
2010-01-14 10:30:00	FORKS	6283.0	A
2010-01-16 03:15:00	FORKS	8237.0	A
2010-01-16 21:30:00	FORKS	4321.0	A
2010-01-17 18:15:00	FORKS	3136.8062283737027	A
2010-01-19 12:15:00	FORKS	2141.0311418685123	A
2010-02-15 04:15:00	FORKS	1525.0	A
2010-02-17 02:00:00	FORKS	1833.0	A
2010-03-22 07:15:00	FORKS	2227.0	A
2010-03-29 19:45:00	FORKS	3813.0	A
2010-03-30 14:30:00	FORKS	2637.0	A
2010-04-18 12:15:00	FORKS	2940.0	A
2010-04-21 17:45:00	FORKS	4834.0	A
2010-04-22 12:30:00	FORKS	3175.0	A
2010-04-28 11:45:00	FORKS	2758.0	A
2010-05-03 17:15:00	FORKS	8340.0	A
2010-05-04 12:15:00	FORKS	4566.0	A
2010-05-05 07:15:00	FORKS	3543.0	A
2010-05-19 07:45:00	FORKS	5577.0	A
2010-05-20 09:15:00	FORKS	5527.0	A
2010-05-21 04:15:00	FORKS	3985.0	A
2010-05-23 11:00:00	FORKS	3360.0	A
2010-05-27 09:00:00	FORKS	3225.0	A
2010-05-29 05:00:00	FORKS	6967.0	A
2010-05-30 00:30:00	FORKS	5127.0	A
2010-06-01 07:15:00	FORKS	5557.0	A
2010-06-03 07:00:00	FORKS	10420.0	A
2010-06-04 01:30:00	FORKS	5638.0	A
2010-06-05 11:45:00	FORKS	5667.0	A
2010-06-07 15:15:00	FORKS	6021.0	A
2010-06-08 10:15:00	FORKS	4932.0	A
2010-06-09 14:00:00	FORKS	5890.0	A
2010-06-11 12:15:00	FORKS	5991.0	A
2010-06-12 06:30:00	FORKS	4839.0	A
2010-06-14 18:00:00	FORKS	3779.0	A
2010-06-24 09:00:00	FORKS	3416.0	A
2010-06-25 09:45:00	FORKS	3061.0	A
2010-07-10 09:00:00	FORKS	2164.0	A
2010-09-01 10:30:00	FORKS	5325.0	A
2010-09-02 06:00:00	FORKS	1959.0	A
2010-09-08 15:00:00	FORKS	2786.0	A
2010-09-09 21:30:00	FORKS	2318.0	A
2010-09-21 03:15:00	FORKS	5611.0	A
2010-09-21 21:30:00	FORKS	3044.0	A
2010-09-24 15:15:00	FORKS	2012.0	A
2010-10-10 18:45:00	FORKS	8819.0	A
2010-10-11 13:00:00	FORKS	3175.0	A
2010-10-12 08:15:00	FORKS	1887.0	A
2010-10-25 22:15:00	FORKS	6303.0	A
2010-10-26 16:45:00	FORKS	3400.0	A
2010-10-31 21:15:00	FORKS	2655.0	A
2010-11-02 04:00:00	FORKS	12280.0	A
2010-11-02 22:30:00	FORKS	5150.0	A
2010-11-03 17:45:00	FORKS	3103.0	A
2010-11-07 18:15:00	FORKS	4223.0	A
2010-11-08 14:00:00	FORKS	2809.0	A
2010-11-16 08:15:00	FORKS	8490.0	A
2010-11-17 02:45:00	FORKS	6479.0	A
2010-11-18 03:30:00	FORKS	5089.0	A
2010-11-18 23:00:00	FORKS	3400.0	A
2010-11-20 04:15:00	FORKS	2400.0	A
2010-12-01 12:30:00	FORKS	2572.0	A
2010-12-10 07:00:00	FORKS	4803.0	A
2010-12-11 01:15:00	FORKS	3299.0	A
2010-12-13 01:30:00	FORKS	29970.0	A
2010-12-13 23:45:00	FORKS	13110.0	A
2010-12-14 18:45:00	FORKS	8130.0	A
2010-12-15 13:30:00	FORKS	5092.0	A
2010-12-16 08:45:00	FORKS	3693.0	A
2010-12-17 09:15:00	FORKS	2660.0	A
2011-01-07 00:45:00	FORKS	7313.0	A
2011-01-08 03:00:00	FORKS	8375.0	A
2011-01-08 22:00:00	FORKS	4163.0	A
2011-01-09 17:00:00	FORKS	2773.0	A
2011-01-15 02:45:00	FORKS	16170.0	A
2011-01-16 22:30:00	FORKS	34740.0	A
2011-01-17 17:00:00	FORKS	27610.0	A
2011-01-18 12:45:00	FORKS	10330.0	A
2011-01-19 08:00:00	FORKS	5651.0	A
2011-01-22 00:45:00	FORKS	9696.0	A
2011-01-22 20:30:00	FORKS	4932.0	A
2011-01-25 12:30:00	FORKS	5778.0	A
2011-01-26 08:15:00	FORKS	4073.0	A
2011-01-30 03:00:00	FORKS	6729.0	A
2011-01-30 22:00:00	FORKS	4403.0	A
2011-01-31 16:45:00	FORKS	3123.0	A
2011-02-05 08:00:00	FORKS	9501.0	A
2011-02-06 02:30:00	FORKS	5039.0	A
2011-02-07 12:15:00	FORKS	7287.0	A
2011-02-08 06:30:00	FORKS	4910.0	A
2011-02-09 03:45:00	FORKS	3291.0	A
2011-02-15 09:45:00	FORKS	2608.0	A
2011-03-10 16:45:00	FORKS	5423.0	A
2011-03-11 14:30:00	FORKS	3023.0	A
2011-03-14 09:30:00	FORKS	2889.0	A
2011-03-16 06:30:00	FORKS	2987.0	A
2011-03-31 18:30:00	FORKS	29530.0	A
2011-04-01 13:00:00	FORKS	11820.0	A
2011-04-02 08:30:00	FORKS	11870.0	A
2011-04-03 04:15:00	FORKS	6924.0	A
2011-04-05 07:00:00	FORKS	4545.0	A
2011-04-06 03:15:00	FORKS	3613.0	A
2011-04-11 15:45:00	FORKS	2897.0	A
2011-04-17 01:45:00	FORKS	2798.0	A
2011-04-17 20:30:00	FORKS	2275.0	A
2011-05-03 16:00:00	FORKS	2327.0	A
2011-05-08 05:00:00	FORKS	3654.0	A
2011-05-12 09:00:00	FORKS	3805.0	A
2011-05-15 23:30:00	FORKS	11270.0	A
2011-05-16 18:45:00	FORKS	8070.0	A
2011-05-17 15:00:00	FORKS	5648.0	A
2011-05-21 12:30:00	FORKS	4559.0	A
2011-05-22 06:45:00	FORKS	3895.0	A
2011-05-26 10:45:00	FORKS	4523.0	A
2011-05-27 05:45:00	FORKS	3774.0	A
2011-06-01 19:45:00	FORKS	4115.0	A
2011-06-05 09:30:00	FORKS	5474.0	A
2011-06-07 08:45:00	FORKS	6127.0	A
2011-06-08 17:45:00	FORKS	5424.0	A
2011-06-09 13:45:00	FORKS	4398.0	A
2011-06-14 08:00:00	FORKS	4480.0	A
2011-06-15 18:45:00	FORKS	4062.0	A
2011-06-19 09:45:00	FORKS	4516.0	A
2011-06-23 08:00:00	FORKS	5047.0	A
2011-06-24 15:00:00	FORKS	4650.0	A
2011-06-30 11:15:00	FORKS	5611.0	A
2011-07-01 05:45:00	FORKS	4364.0	A
2011-07-03 10:45:00	FORKS	4498.0	A
2011-07-07 09:15:00	FORKS	4205.0	A
2011-07-08 06:45:00	FORKS	3434.0	A
2011-07-15 08:00:00	FORKS	3222.0	A
2011-07-22 02:00:00	FORKS	3341.0	A
2011-07-25 10:15:00	FORKS	2737.0	A
2011-07-30 11:15:00	FORKS	2008.0	A
2011-09-27 23:45:00	FORKS	2290.0	A
2011-10-12 07:00:00	FORKS	8591.0	A
2011-10-13 03:45:00	FORKS	3581.0	A
2011-10-13 22:45:00	FORKS	2165.0	A
2011-10-23 07:30:00	FORKS	10239.0	A
2011-10-24 05:30:00	FORKS	3272.0	A
2011-10-25 01:45:00	FORKS	2220.0	A
2011-10-29 14:00:00	FORKS	3270.0	A
2011-10-31 01:45:00	FORKS	6048.0	A
2011-10-31 20:30:00	FORKS	3628.0	A
2011-11-01 15:30:00	FORKS	2361.0	A
2011-11-13 14:30:00	FORKS	2893.0	A
2011-11-14 19:45:00	FORKS	2917.0	A
2011-11-17 13:15:00	FORKS	4217.0	A
2011-11-18 09:30:00	FORKS	2304.0	A
2011-11-23 20:00:00	FORKS	10645.0	A
2011-11-24 17:00:00	FORKS	4553.0	A
2011-11-25 13:45:00	FORKS	3194.0	A
2011-11-28 02:15:00	FORKS	7496.0	A
2011-11-28 21:30:00	FORKS	3719.0	A
2011-11-29 16:00:00	FORKS	2628.0	A
2011-12-02 09:30:00	FORKS	1658.0	A
2011-12-29 07:00:00	FORKS	14833.264248704663	A
2011-12-30 13:30:00	FORKS	10521.743944636677	hf.missing
2011-12-31 09:00:00	FORKS	4914.179930795848	hf.missing
2012-01-01 05:30:00	FORKS	3207.484429065744	hf.missing
2012-01-05 09:00:00	FORKS	6152.0	A
2012-01-06 04:30:00	FORKS	3493.0	A
2012-01-06 23:45:00	FORKS	2477.0	A
2012-01-21 18:15:00	FORKS	4090.0	A
2012-01-25 13:00:00	FORKS	4719.0	A
2012-01-26 16:15:00	FORKS	4059.0	A
2012-01-30 07:15:00	FORKS	12790.0	A
2012-01-31 02:45:00	FORKS	6128.0	A
2012-01-31 22:45:00	FORKS	3682.0	A
2012-02-02 13:45:00	FORKS	2598.0	A
2012-02-19 08:00:00	FORKS	2327.0	A
2012-02-22 15:30:00	FORKS	23860.0	A
2012-02-23 10:00:00	FORKS	7900.0	A
2012-02-24 06:00:00	FORKS	4242.0	A
2012-02-25 14:45:00	FORKS	3911.0	A
2012-02-26 09:15:00	FORKS	2868.0	A
2012-03-06 01:15:00	FORKS	2540.0	A
2012-03-11 17:15:00	FORKS	2613.0	A
2012-03-16 04:30:00	FORKS	4708.0	A
2012-03-16 23:15:00	FORKS	3182.0	A
2012-03-18 05:00:00	FORKS	2182.0	A
2012-03-30 14:00:00	FORKS	5076.0	A
2012-03-31 08:45:00	FORKS	3471.0	A
2012-04-01 06:15:00	FORKS	2450.0	A
2012-04-11 12:00:00	FORKS	2496.0	A
2012-04-17 04:45:00	FORKS	4120.0	A
2012-04-20 17:45:00	FORKS	9263.0	A
2012-04-24 07:00:00	FORKS	8890.0	A
2012-04-25 01:45:00	FORKS	6650.0	A
2012-04-26 17:30:00	FORKS	6800.0	A
2012-04-27 13:30:00	FORKS	5344.0	A
2012-05-01 04:15:00	FORKS	6950.0	A
2012-05-01 22:45:00	FORKS	5067.0	A
2012-05-04 10:00:00	FORKS	4643.0	A
2012-05-05 08:00:00	FORKS	3869.0	A
2012-05-09 10:30:00	FORKS	4328.0	A
2012-05-10 05:15:00	FORKS	3452.0	A
2012-05-15 09:00:00	FORKS	6980.0	A
2012-05-16 08:45:00	FORKS	6340.0	A
2012-05-17 05:15:00	FORKS	4996.0	A
2012-05-18 10:45:00	FORKS	3971.0	A
2012-05-22 13:30:00	FORKS	8570.0	A
2012-05-23 19:30:00	FORKS	9550.0	A
2012-05-24 13:45:00	FORKS	7240.0	A
2012-05-25 09:00:00	FORKS	4844.0	A
2012-05-27 11:30:00	FORKS	3870.0	A
2012-06-02 04:15:00	FORKS	8590.0	A
2012-06-03 00:00:00	FORKS	6357.0	A
2012-06-03 19:45:00	FORKS	4968.0	A
2012-06-06 07:30:00	FORKS	5558.0	A
2012-06-08 07:15:00	FORKS	5483.0	A
2012-06-13 17:15:00	FORKS	6343.0	A
2012-06-14 11:45:00	FORKS	4463.0	A
2012-06-17 19:15:00	FORKS	8073.0	A
2012-06-18 17:00:00	FORKS	9510.0	A
2012-06-19 11:45:00	FORKS	6813.0	A
2012-06-20 06:15:00	FORKS	5171.0	A
2012-06-24 04:45:00	FORKS	5093.0	A
2012-06-27 05:30:00	FORKS	5150.0	A
2012-07-01 10:15:00	FORKS	4710.0	A
2012-07-03 20:15:00	FORKS	4282.0	A
2012-07-08 08:45:00	FORKS	3918.0	A
2012-07-09 08:15:00	FORKS	4386.0	A
2012-07-11 08:30:00	FORKS	3431.0	A
2012-07-15 09:45:00	FORKS	2671.0	A
2012-07-22 17:00:00	FORKS	1660.0	A
2012-10-16 12:45:00	FORKS	4623.0	A
2012-10-17 08:15:00	FORKS	3685.0	A
2012-10-20 10:15:00	FORKS	5782.0	A
2012-10-21 04:30:00	FORKS	2699.0	A
2012-10-28 10:45:00	FORKS	8910.0	A
2012-10-29 16:45:00	FORKS	13520.0	A
2012-10-31 06:00:00	FORKS	11090.0	A
2012-11-01 00:30:00	FORKS	5375.0	A
2012-11-02 10:30:00	FORKS	4261.0	A
2012-11-04 08:30:00	FORKS	4480.0	A
2012-11-05 14:30:00	FORKS	5729.0	A
2012-11-06 10:30:00	FORKS	3276.0	A
2012-11-07 21:45:00	FORKS	2284.0	A
2012-11-13 02:00:00	FORKS	2271.0	A
2012-11-14 21:30:00	FORKS	3550.0	A
2012-11-20 03:00:00	FORKS	13680.0	A
2012-11-20 22:00:00	FORKS	5700.0	A
2012-11-21 18:15:00	FORKS	3756.0	A
2012-11-24 06:30:00	FORKS	10710.0	A
2012-11-25 01:00:00	FORKS	5349.0	A
2012-11-25 20:15:00	FORKS	3359.0	A
2012-12-01 19:30:00	FORKS	2550.0	A
2012-12-03 19:45:00	FORKS	4725.0	A
2012-12-04 23:30:00	FORKS	9053.0	A
2012-12-05 17:45:00	FORKS	5605.0	A
2012-12-07 23:45:00	FORKS	3761.0	A
2012-12-08 19:15:00	FORKS	2561.0	A
2012-12-17 22:45:00	FORKS	1615.0	A
2013-01-08 08:30:00	FORKS	4137.0	A
2013-01-09 11:15:00	FORKS	6311.0	A
2013-01-10 08:15:00	FORKS	3493.0	A
2013-01-11 04:00:00	FORKS	2289.0	A
2013-01-30 15:45:00	FORKS	3279.0	A
2013-02-01 11:30:00	FORKS	3437.3246753246754	A
2013-02-06 15:15:00	FORKS	2458.0	A
2013-02-17 07:00:00	FORKS	2043.0	A
2013-03-01 22:30:00	FORKS	5921.0	A
2013-03-03 07:45:00	FORKS	4135.0	A
2013-03-04 02:45:00	FORKS	3010.0	A
2013-03-13 14:45:00	FORKS	12431.0	A
2013-03-14 09:15:00	FORKS	8125.0	A
2013-03-17 01:15:00	FORKS	6581.0	A
2013-03-17 21:00:00	FORKS	4485.0	A
2013-03-18 16:30:00	FORKS	3305.0	A
2013-03-21 00:30:00	FORKS	3984.0	A
2013-03-21 19:00:00	FORKS	2789.0	A
2013-04-02 11:15:00	FORKS	3481.0	A
2013-04-06 03:30:00	FORKS	12520.0	A
2013-04-06 23:00:00	FORKS	8560.0	A
2013-04-07 18:00:00	FORKS	6416.0	A
2013-04-08 12:30:00	FORKS	4656.0	A
2013-04-11 03:30:00	FORKS	9200.0	A
2013-04-12 00:00:00	FORKS	5805.0	A
2013-04-12 19:30:00	FORKS	4057.0	A
2013-04-14 16:15:00	FORKS	3040.0	A
2013-04-20 09:30:00	FORKS	7980.0	A
2013-04-21 10:00:00	FORKS	6901.0	A
2013-04-22 05:30:00	FORKS	5096.0	A
2013-04-23 00:00:00	FORKS	3617.0	A
2013-04-27 12:15:00	FORKS	3697.0	A
2013-04-29 15:30:00	FORKS	6933.0	A
2013-04-30 11:30:00	FORKS	4261.0	A
2013-05-07 08:15:00	FORKS	6550.0	A
2013-05-08 09:00:00	FORKS	6770.0	A
2013-05-09 10:15:00	FORKS	6560.0	A
2013-05-10 09:15:00	FORKS	6740.0	A
2013-05-11 09:30:00	FORKS	6900.0	A
2013-05-14 05:45:00	FORKS	8750.0	A
2013-05-15 01:15:00	FORKS	4767.0	A
2013-05-17 13:30:00	FORKS	4015.0	A
2013-05-22 14:15:00	FORKS	3565.0	A
2013-05-29 08:00:00	FORKS	3660.0	A
2013-05-30 14:00:00	FORKS	5097.0	A
2013-05-31 08:15:00	FORKS	4343.0	A
2013-06-06 09:15:00	FORKS	4288.0	A
2013-06-07 07:30:00	FORKS	4187.0	A
2013-06-09 09:00:00	FORKS	3339.0	A
2013-06-21 08:00:00	FORKS	6864.0	A
2013-06-22 02:45:00	FORKS	3734.0	A
2013-06-29 08:30:00	FORKS	3270.0	A
2013-07-03 17:15:00	FORKS	2238.0	A
2013-07-09 10:45:00	FORKS	1319.0	A
2013-08-30 15:00:00	FORKS	1305.8	A
2013-09-06 16:00:00	FORKS	1531.0	A
2013-09-23 18:30:00	FORKS	2965.0	A
2013-09-24 13:15:00	FORKS	2420.0	A
2013-09-29 07:00:00	FORKS	11540.0	A
2013-09-30 19:00:00	FORKS	12300.0	A
2013-10-01 13:30:00	FORKS	9090.0	A
2013-10-02 14:00:00	FORKS	5431.0	A
2013-10-03 09:45:00	FORKS	4029.0	A
2013-10-04 04:45:00	FORKS	2766.0	A
2013-10-08 22:15:00	FORKS	5448.0	A
2013-10-09 16:30:00	FORKS	2944.0	A
2013-10-10 17:00:00	FORKS	1929.0	A
2013-11-03 03:30:00	FORKS	2093.0	A
2013-11-06 10:00:00	FORKS	2443.0	A
2013-11-08 09:30:00	FORKS	9091.0	A
2013-11-09 04:15:00	FORKS	3947.0	A
2013-11-13 12:15:00	FORKS	2829.0	A
2013-11-16 12:30:00	FORKS	4118.0	A
2013-11-19 16:45:00	FORKS	15160.0	A
2013-11-20 13:45:00	FORKS	5045.0	A
2013-11-21 09:15:00	FORKS	3056.0	A
2013-11-22 11:30:00	FORKS	2045.0	A
2013-12-02 02:45:00	FORKS	12400.0	A
2013-12-02 22:15:00	FORKS	4662.0	A
2013-12-03 19:15:00	FORKS	2611.0	A
2013-12-14 09:15:00	FORKS	1723.0	A
2013-12-16 10:00:00	FORKS	2254.0	A
2013-12-23 21:45:00	FORKS	13510.0	A
2013-12-24 18:15:00	FORKS	4721.0	A
2013-12-25 13:00:00	FORKS	2894.0	A
2013-12-28 08:00:00	FORKS	2385.0	A
2014-01-03 10:45:00	FORKS	2896.0	A
2014-01-09 08:45:00	FORKS	2903.0	A
2014-01-11 18:45:00	FORKS	7164.0	A
2014-01-13 09:00:00	FORKS	10803.0	A
2014-01-14 04:15:00	FORKS	8200.0	A
2014-01-14 23:30:00	FORKS	4764.0	A
2014-01-15 20:00:00	FORKS	3148.0	A
2014-01-17 09:00:00	FORKS	2154.0	A
2014-01-30 04:00:00	FORKS	4402.0	A
2014-01-30 22:45:00	FORKS	2654.0	A
2014-02-01 14:00:00	FORKS	1633.0	A
2014-02-12 19:15:00	FORKS	5604.0	A
2014-02-13 15:15:00	FORKS	4034.0	A
2014-02-15 01:45:00	FORKS	3407.0	A
2014-02-16 10:00:00	FORKS	3352.0	A
2014-02-19 02:00:00	FORKS	3270.0	A
2014-02-19 20:30:00	FORKS	2261.0	A
2014-03-06 12:15:00	FORKS	13050.0	A
2014-03-07 07:30:00	FORKS	9470.0	A
2014-03-08 02:00:00	FORKS	6861.0	A
2014-03-09 14:30:00	FORKS	25400.0	A
2014-03-10 08:45:00	FORKS	10900.0	A
2014-03-11 04:30:00	FORKS	7180.0	A
2014-03-11 23:15:00	FORKS	4664.0	A
2014-03-12 17:30:00	FORKS	3598.0	A
2014-03-14 21:45:00	FORKS	5809.0	A
2014-03-16 18:30:00	FORKS	8075.0	A
2014-03-17 13:45:00	FORKS	5536.0	A
2014-03-18 09:15:00	FORKS	3720.0	A
2014-03-20 05:00:00	FORKS	3284.0	A
2014-03-30 14:15:00	FORKS	2909.0	A
2014-04-06 13:45:00	FORKS	5198.0	A
2014-04-09 10:30:00	FORKS	5979.0	A
2014-04-10 05:45:00	FORKS	3825.0	A
2014-04-11 00:15:00	FORKS	2783.0	A
2014-04-18 11:15:00	FORKS	7306.0	A
2014-04-19 05:30:00	FORKS	4744.0	A
2014-04-20 10:00:00	FORKS	4259.0	A
2014-04-25 04:45:00	FORKS	5844.0	A
2014-04-25 23:15:00	FORKS	3987.0	A
2014-05-02 11:30:00	FORKS	4668.0	A
2014-05-05 16:15:00	FORKS	7426.0	A
2014-05-06 11:30:00	FORKS	5498.0	A
2014-05-07 05:45:00	FORKS	4419.0	A
2014-05-09 18:00:00	FORKS	6466.0	A
2014-05-10 12:30:00	FORKS	4693.0	A
2014-05-16 08:45:00	FORKS	5893.0	A
2014-05-17 06:15:00	FORKS	4544.0	A
2014-05-24 07:30:00	FORKS	3581.8946684005205	A
2014-06-03 10:45:00	FORKS	3235.0	A
2014-06-04 10:30:00	FORKS	2954.0	A
2014-06-14 09:15:00	FORKS	3095.0	A
2014-06-29 05:15:00	FORKS	4471.0	A
2014-06-30 01:00:00	FORKS	3083.0	A
2014-07-02 10:00:00	FORKS	2449.0	A
2014-07-25 03:00:00	FORKS	2074.318339100346	A
2014-07-25 22:45:00	FORKS	1406.4152249134947	A
2014-08-13 20:15:00	FORKS	1725.0	A
2014-09-03 16:45:00	FORKS	2555.0	A
2014-09-04 11:00:00	FORKS	1353.0	A
2014-09-27 03:30:00	FORKS	1474.0	A
2014-09-30 18:00:00	FORKS	1413.0	A
2014-10-16 06:30:00	FORKS	2071.0	A
2014-10-18 21:00:00	FORKS	3456.0	A
2014-10-23 10:45:00	FORKS	6719.0	A
2014-10-24 06:30:00	FORKS	5092.0	A
2014-10-27 04:15:00	FORKS	4895.0	A
2014-10-29 19:45:00	FORKS	6425.0	A
2014-10-30 14:15:00	FORKS	4084.854922279793	A
2014-11-04 18:00:00	FORKS	14310.0	A
2014-11-05 15:00:00	FORKS	5991.0	A
2014-11-07 05:30:00	FORKS	5581.0	A
2014-11-08 02:30:00	FORKS	3325.0	A
2014-11-10 03:30:00	FORKS	5005.0	A
2014-11-10 23:30:00	FORKS	2965.0	A
2014-11-12 08:00:00	FORKS	1924.0	A
2014-11-22 09:15:00	FORKS	3199.0	A
2014-11-24 01:15:00	FORKS	5321.0	A
2014-11-26 06:30:00	FORKS	22670.0	A
2014-11-27 01:45:00	FORKS	10670.0	A
2014-11-28 22:30:00	FORKS	17110.0	A
2014-11-29 17:45:00	FORKS	7021.0	A
2014-11-30 13:00:00	FORKS	4067.0	A
2014-12-01 08:15:00	FORKS	2944.0	A
2014-12-07 05:45:00	FORKS	2854.0	A
2014-12-11 10:00:00	FORKS	3645.0	A
2014-12-12 04:15:00	FORKS	2693.0	A
2014-12-21 21:00:00	FORKS	10110.0	A
2014-12-22 16:30:00	FORKS	5382.0	A
2014-12-24 05:15:00	FORKS	13420.0	A
2014-12-25 00:00:00	FORKS	5935.0	A
2014-12-25 19:45:00	FORKS	3880.0	A
2014-12-28 04:45:00	FORKS	4013.0	A
2014-12-28 23:15:00	FORKS	2990.0	A
2015-01-05 18:00:00	FORKS	21656.67820069204	A
2015-01-06 13:15:00	FORKS	8721.90311418685	A
2015-01-07 09:30:00	FORKS	5676.63321799308	A
2015-01-08 06:30:00	FORKS	4302.242214532872	A
2015-01-09 05:45:00	FORKS	3304.0	A
2015-01-18 14:00:00	FORKS	9083.0	A
2015-01-19 09:00:00	FORKS	6534.0	A
2015-01-20 03:45:00	FORKS	4745.0	A
2015-01-20 22:45:00	FORKS	3221.0	A
2015-01-24 12:15:00	FORKS	19640.0	A
2015-01-25 07:00:00	FORKS	9250.0	A
2015-01-26 02:15:00	FORKS	5115.0	A
2015-01-26 21:00:00	FORKS	3630.0	A
2015-01-28 14:15:00	FORKS	2739.0	A
2015-02-03 07:30:00	FORKS	2987.0	A
2015-02-07 03:00:00	FORKS	9390.0	A
2015-02-08 04:00:00	FORKS	11930.0	A
2015-02-08 22:30:00	FORKS	6554.0	A
2015-02-10 19:00:00	FORKS	10450.0	A
2015-02-11 15:30:00	FORKS	5020.0	A
2015-02-12 11:00:00	FORKS	3522.0	A
2015-02-13 19:00:00	FORKS	2517.0	A
2015-03-15 02:00:00	FORKS	6772.0	A
2015-03-16 08:30:00	FORKS	6715.0	A
2015-03-17 04:45:00	FORKS	3610.0	A
2015-03-18 00:30:00	FORKS	2460.0	A
2015-03-26 05:00:00	FORKS	8536.0	A
2015-03-26 23:45:00	FORKS	4443.0	A
2015-03-28 21:30:00	FORKS	4304.0	A
2015-03-29 16:15:00	FORKS	3149.0	A
2015-04-02 07:30:00	FORKS	2891.0	A
2015-04-04 15:30:00	FORKS	1893.0	A
2015-05-14 06:30:00	FORKS	1463.0	A
2015-09-02 16:00:00	FORKS	1534.0	A
2015-09-21 14:30:00	FORKS	1544.0	A
2015-10-11 13:00:00	FORKS	4658.0	A
2015-10-12 08:30:00	FORKS	1763.0	A
2015-10-27 10:30:00	FORKS	1655.0	A
2015-10-31 21:45:00	FORKS	36150.0	A
2015-11-01 16:15:00	FORKS	15770.0	A
2015-11-02 13:15:00	FORKS	8286.0	A
2015-11-03 10:00:00	FORKS	5387.0	A
2015-11-04 05:30:00	FORKS	3510.0	A
2015-11-06 02:15:00	FORKS	3823.0	A
2015-11-08 15:00:00	FORKS	4521.0	A
2015-11-09 09:30:00	FORKS	2977.0	A
2015-11-11 19:00:00	FORKS	3227.0	A
2015-11-14 01:45:00	FORKS	29130.0	A
2015-11-14 21:30:00	FORKS	15820.0	A
2015-11-15 20:45:00	FORKS	7263.0	A
2015-11-18 02:45:00	FORKS	42700.0	A
2015-11-18 22:30:00	FORKS	9130.0	A
2015-11-19 18:30:00	FORKS	5158.0	A
2015-11-20 15:15:00	FORKS	3566.0	A
2015-11-21 20:00:00	FORKS	2508.0	A
2015-12-04 20:00:00	FORKS	2323.0	A
2015-12-07 00:15:00	FORKS	4498.0	A
2015-12-09 02:00:00	FORKS	41100.0	A
2015-12-09 21:15:00	FORKS	21370.0	A
2015-12-10 17:00:00	FORKS	7310.0	A
2015-12-11 12:00:00	FORKS	5045.0	A
2015-12-12 07:30:00	FORKS	3432.0	A
2015-12-18 23:45:00	FORKS	2504.0	A
2016-01-14 02:00:00	FORKS	2169.0	A
2016-01-18 12:30:00	FORKS	2420.0	A
2016-01-21 21:45:00	FORKS	4698.0	A
2016-01-23 00:15:00	FORKS	4739.0	A
2016-01-23 21:00:00	FORKS	3268.0	A
2016-01-28 21:45:00	FORKS	20750.0	A
2016-01-29 18:00:00	FORKS	6934.0	A
2016-01-30 13:45:00	FORKS	4504.0	A
2016-01-31 08:15:00	FORKS	3264.0	A
2016-02-10 08:15:00	FORKS	3348.0	A
2016-02-13 01:45:00	FORKS	6812.0	A
2016-02-15 15:15:00	FORKS	18254.851485148516	A
2016-02-16 14:45:00	FORKS	19870.0	A
2016-02-17 10:00:00	FORKS	9823.523316062176	A
2016-02-18 10:45:00	FORKS	7472.279792746114	A
2016-02-19 09:15:00	FORKS	4841.0	A
2016-02-20 16:45:00	FORKS	3871.0	A
2016-02-21 15:00:00	FORKS	2829.0	A
2016-02-29 10:30:00	FORKS	3263.0	A
2016-03-02 15:00:00	FORKS	4890.0	A
2016-03-03 14:30:00	FORKS	5450.0	A
2016-03-04 09:15:00	FORKS	3998.0	A
2016-03-06 18:30:00	FORKS	4237.0	A
2016-03-07 13:00:00	FORKS	3293.0	A
2016-03-10 14:45:00	FORKS	3883.0	A
2016-03-11 09:45:00	FORKS	3059.0	A
2016-03-23 07:45:00	FORKS	2576.0	A
2016-03-24 14:15:00	FORKS	3975.0	A
2016-03-25 09:00:00	FORKS	2945.0	A
2016-04-02 12:45:00	FORKS	3133.0	A
2016-04-04 18:30:00	FORKS	3535.0	A
2016-04-09 10:15:00	FORKS	4509.0	A
2016-04-10 07:30:00	FORKS	3819.0	A
2016-04-11 15:30:00	FORKS	2806.0	A
2016-04-21 07:45:00	FORKS	4749.0	A
2016-04-22 08:45:00	FORKS	4080.0	A
2016-04-24 17:00:00	FORKS	3472.0	A
2016-04-25 23:00:00	FORKS	2477.0	A
2016-05-03 10:15:00	FORKS	2907.0	A
2016-05-08 08:15:00	FORKS	3236.0	A
2016-05-09 13:00:00	FORKS	2757.0	A
2016-05-22 21:45:00	FORKS	3775.0	A
2016-05-23 16:30:00	FORKS	3125.0	A
2016-06-03 01:30:00	FORKS	3434.0	A
2016-06-05 07:45:00	FORKS	2666.0	A
2016-06-19 09:45:00	FORKS	2666.0	A
2016-06-25 01:00:00	FORKS	3921.0	A
2016-06-25 19:30:00	FORKS	3292.0	A
2016-06-26 17:30:00	FORKS	2215.0	A
2016-07-09 18:30:00	FORKS	1434.0	A
2016-09-18 11:15:00	FORKS	4651.0	A
2016-09-19 06:15:00	FORKS	1655.0	A
2016-10-07 20:15:00	FORKS	1609.0	A
2016-10-09 10:15:00	FORKS	8804.0	A
2016-10-10 05:30:00	FORKS	3052.0	A
2016-10-15 03:15:00	FORKS	11030.0	A
2016-10-16 09:30:00	FORKS	5828.0	A
2016-10-18 02:00:00	FORKS	6688.0	A
2016-10-18 20:30:00	FORKS	4949.0	A
2016-10-20 21:00:00	FORKS	22610.0	A
2016-10-21 17:45:00	FORKS	6170.0	A
2016-10-22 13:00:00	FORKS	3932.0	A
2016-10-23 08:15:00	FORKS	2736.0	A
2016-10-27 12:45:00	FORKS	7180.0	A
2016-10-28 07:00:00	FORKS	3490.0	A
2016-11-01 00:00:00	FORKS	6590.0	A
2016-11-01 23:00:00	FORKS	6304.0	A
2016-11-02 17:45:00	FORKS	4047.0	A
2016-11-03 14:15:00	FORKS	2998.0	A
2016-11-06 15:30:00	FORKS	3735.0	A
2016-11-07 11:00:00	FORKS	2576.0	A
2016-11-14 19:15:00	FORKS	8530.0	A
2016-11-16 09:30:00	FORKS	6717.0	A
2016-11-17 04:00:00	FORKS	4323.0	A
2016-11-17 22:30:00	FORKS	3136.0	A
2016-11-25 13:00:00	FORKS	3748.0	A
2016-12-01 05:30:00	FORKS	3613.0	A
2016-12-03 14:45:00	FORKS	3865.0	A
2016-12-04 13:30:00	FORKS	4667.0	A
2016-12-05 08:15:00	FORKS	2805.0	A
2016-12-06 16:30:00	FORKS	1798.0	A
2016-12-20 21:00:00	FORKS	2526.0	A
2016-12-30 10:00:00	FORKS	1648.0	A
2017-01-18 17:45:00	FORKS	6385.0	A
2017-01-19 13:45:00	FORKS	3713.0	A
2017-01-20 09:15:00	FORKS	2507.0	A
2017-02-09 23:15:00	FORKS	11652.0	A
2017-02-10 21:15:00	FORKS	5267.0	A
2017-02-11 16:15:00	FORKS	3177.0	A
2017-02-16 17:30:00	FORKS	10126.0	A
2017-02-17 12:00:00	FORKS	6086.0	A
2017-02-18 07:15:00	FORKS	3857.0	A
2017-02-19 05:00:00	FORKS	2875.0	A
2017-03-04 09:15:00	FORKS	2558.0	A
2017-03-10 21:45:00	FORKS	6158.0	A
2017-03-12 12:00:00	FORKS	5562.0	A
2017-03-15 17:15:00	FORKS	14510.0	A
2017-03-16 12:30:00	FORKS	9580.0	A
2017-03-17 10:30:00	FORKS	5029.0	A
2017-03-18 22:45:00	FORKS	8305.0	A
2017-03-19 17:30:00	FORKS	4720.0	A
2017-03-20 13:30:00	FORKS	3340.0	A
2017-03-25 11:15:00	FORKS	3422.0	A
2017-03-30 05:45:00	FORKS	7970.0	A
2017-03-31 01:45:00	FORKS	5346.0	A
2017-03-31 21:15:00	FORKS	3564.0	A
2017-04-07 22:45:00	FORKS	3213.0	A
2017-04-08 18:15:00	FORKS	2775.0	A
2017-04-21 11:30:00	FORKS	2887.0	A
2017-04-27 09:45:00	FORKS	4090.0	A
2017-04-28 04:30:00	FORKS	3413.0	A
2017-05-05 14:15:00	FORKS	12240.0	A
2017-05-06 11:00:00	FORKS	7940.0	A
2017-05-07 05:45:00	FORKS	4732.0	A
2017-05-12 06:15:00	FORKS	4834.0	A
2017-05-13 01:45:00	FORKS	3657.0	A
2017-05-17 03:45:00	FORKS	3428.0	A
2017-05-23 08:15:00	FORKS	6600.0	A
2017-05-24 06:45:00	FORKS	6870.0	A
2017-05-25 02:30:00	FORKS	4243.0	A
2017-05-29 07:30:00	FORKS	5710.0	A
2017-05-30 08:45:00	FORKS	6180.0	A
2017-05-31 03:45:00	FORKS	4941.0	A
2017-06-02 06:00:00	FORKS	4720.0	A
2017-06-03 07:45:00	FORKS	3348.0	A
2017-06-09 06:15:00	FORKS	5936.0	A
2017-06-10 00:45:00	FORKS	3373.0	A
2017-06-16 12:00:00	FORKS	8660.0	A
2017-06-17 06:45:00	FORKS	4801.0	A
2017-06-20 07:00:00	FORKS	3448.0	A
2017-06-21 19:15:00	FORKS	2390.0	A
2017-07-01 11:45:00	FORKS	1529.0	A
2017-09-20 11:00:00	FORKS	1355.0	A
2017-10-08 17:00:00	FORKS	1583.0	A
2017-10-18 01:30:00	FORKS	2298.0	A
2017-10-19 14:45:00	FORKS	9840.0	A
2017-10-20 16:00:00	FORKS	7311.0	A
2017-10-22 09:15:00	FORKS	36010.0	A
2017-10-23 03:45:00	FORKS	8150.0	A
2017-10-23 23:45:00	FORKS	3771.0	A
2017-10-24 18:15:00	FORKS	2510.0	A
2017-11-03 04:45:00	FORKS	1802.0	A
2017-11-14 11:15:00	FORKS	2358.0	A
2017-11-15 23:45:00	FORKS	2550.0	A
2017-11-20 22:15:00	FORKS	8021.0	A
2017-11-22 09:45:00	FORKS	22260.0	A
2017-11-23 22:45:00	FORKS	24860.0	A
2017-11-24 22:30:00	FORKS	6920.0	A
2017-11-27 06:15:00	FORKS	4530.0	A
2017-11-29 03:45:00	FORKS	3571.0	A
2017-12-01 08:15:00	FORKS	2577.0	A
2017-12-18 18:45:00	FORKS	15710.0	A
2017-12-20 00:45:00	FORKS	7924.0	A
2017-12-20 19:30:00	FORKS	3837.0	A
2017-12-21 15:30:00	FORKS	2542.0	A
2017-12-30 05:00:00	FORKS	12610.0	A
2017-12-31 03:00:00	FORKS	5028.0	A
2017-12-31 22:00:00	FORKS	3179.0	A
2018-01-06 19:30:00	FORKS	2930.0	A
2018-01-10 08:45:00	FORKS	3060.0	A
2018-01-12 13:30:00	FORKS	11821.0	A
2018-01-13 07:45:00	FORKS	8617.0	A
2018-01-14 02:15:00	FORKS	5937.0	A
2018-01-14 20:30:00	FORKS	4778.0	A
2018-01-16 00:00:00	FORKS	3799.0	A
2018-01-18 15:45:00	FORKS	4515.0	A
2018-01-19 10:15:00	FORKS	3157.0	A
2018-01-24 15:00:00	FORKS	3221.0	A
2018-01-25 09:15:00	FORKS	2927.0	A
2018-01-30 07:15:00	FORKS	8586.0	A
2018-01-31 01:45:00	FORKS	4038.0	A
2018-02-03 02:45:00	FORKS	10460.0	A
2018-02-04 22:15:00	FORKS	18930.0	A
2018-02-05 16:45:00	FORKS	12210.0	A
2018-02-06 11:45:00	FORKS	7920.0	A
2018-02-07 07:30:00	FORKS	5286.0	A
2018-02-09 06:45:00	FORKS	7249.0	A
2018-02-10 01:15:00	FORKS	4472.0	A
2018-02-10 20:15:00	FORKS	3253.0	A
2018-02-18 01:00:00	FORKS	3903.0	A
2018-02-18 19:15:00	FORKS	2418.0	A
2018-03-09 14:00:00	FORKS	2716.0	A
2018-03-14 10:00:00	FORKS	2800.0	A
2018-03-15 04:30:00	FORKS	2380.0	A
2018-03-28 08:30:00	FORKS	4147.0	A
2018-03-29 02:45:00	FORKS	2715.0	A
2018-04-07 22:45:00	FORKS	7135.0	A
2018-04-09 04:30:00	FORKS	8470.0	A
2018-04-11 05:15:00	FORKS	5158.0	A
2018-04-12 00:00:00	FORKS	3920.0	A
2018-04-14 12:00:00	FORKS	8278.0	A
2018-04-15 08:15:00	FORKS	7790.0	A
2018-04-17 12:30:00	FORKS	6205.0	A
2018-04-18 07:15:00	FORKS	4059.0	A
2018-04-19 03:15:00	FORKS	3075.0	A
2018-04-27 10:00:00	FORKS	5189.0	A
2018-04-28 06:45:00	FORKS	5135.0	A
2018-04-29 17:15:00	FORKS	4136.0	A
2018-05-04 12:45:00	FORKS	4088.0	A
2018-05-07 07:45:00	FORKS	5800.0	A
2018-05-09 18:30:00	FORKS	9100.0	A
2018-05-10 14:00:00	FORKS	6107.0	A
2018-05-11 16:30:00	FORKS	4953.0	A
2018-05-15 09:00:00	FORKS	6430.0	A
2018-05-16 08:15:00	FORKS	6390.0	A
2018-05-17 07:15:00	FORKS	5186.0	A
2018-05-18 02:00:00	FORKS	4126.0	A
2018-05-24 09:15:00	FORKS	4797.0	A
2018-05-25 08:15:00	FORKS	3901.0	A
2018-05-26 16:45:00	FORKS	2878.0	A
2018-06-19 09:45:00	FORKS	2267.0	A
2018-06-21 08:00:00	FORKS	2802.0	A
2018-06-26 03:15:00	FORKS	1991.0	A
2018-09-23 08:15:00	FORKS	1402.4	A
2018-10-09 21:15:00	FORKS	1692.0	A
2018-10-26 22:30:00	FORKS	4126.0	A
2018-10-28 16:15:00	FORKS	7864.0	A
2018-10-29 10:45:00	FORKS	4547.0	A
2018-10-30 08:00:00	FORKS	3779.0	A
2018-11-01 21:00:00	FORKS	19190.0	A
2018-11-02 21:45:00	FORKS	18430.0	A
2018-11-04 16:15:00	FORKS	25570.0	A
2018-11-05 10:30:00	FORKS	12180.0	A
2018-11-06 04:45:00	FORKS	10630.0	A
2018-11-06 23:00:00	FORKS	6179.0	A
2018-11-07 19:00:00	FORKS	4080.0	A
2018-11-08 14:30:00	FORKS	2876.0	A
2018-11-10 05:00:00	FORKS	1848.0	A
2018-11-24 05:00:00	FORKS	1995.0	A
2018-11-27 20:00:00	FORKS	10010.0	A
2018-11-28 16:45:00	FORKS	7071.0	A
2018-11-29 13:00:00	FORKS	3811.0	A
2018-11-30 07:30:00	FORKS	2669.0	A
2018-12-12 04:45:00	FORKS	9850.0	A
2018-12-13 21:15:00	FORKS	4405.0	A
2018-12-14 17:00:00	FORKS	3299.0	A
2018-12-18 19:00:00	FORKS	6168.0	A
2018-12-19 13:45:00	FORKS	4471.0	A
2018-12-21 05:15:00	FORKS	3526.0	A
2018-12-22 00:15:00	FORKS	2379.0	A
2018-12-30 05:45:00	FORKS	18790.0	A
2018-12-31 00:00:00	FORKS	6041.0	A
2018-12-31 20:30:00	FORKS	3344.0	A
2019-01-03 23:30:00	FORKS	11080.0	A
2019-01-04 18:00:00	FORKS	7235.0	A
2019-01-05 12:45:00	FORKS	4246.0	A
2019-01-06 07:15:00	FORKS	3012.0	A
2019-01-10 19:45:00	FORKS	3307.0	A
2019-01-11 16:15:00	FORKS	2327.0	A
2019-01-19 19:30:00	FORKS	3006.0	A
2019-01-23 18:30:00	FORKS	12200.0	A
2019-01-24 12:45:00	FORKS	5181.0	A
2019-01-25 07:30:00	FORKS	3334.0	A
2019-01-26 07:00:00	FORKS	2312.0	A
2019-02-02 13:30:00	FORKS	4097.0	A
2019-02-03 08:15:00	FORKS	2326.0	A
2019-03-21 07:45:00	FORKS	2297.0	A
2019-04-04 05:30:00	FORKS	2613.0	A
2019-04-09 22:00:00	FORKS	4050.0	A
2019-04-11 09:30:00	FORKS	6815.0	A
2019-04-12 12:30:00	FORKS	7723.0	A
2019-04-13 07:45:00	FORKS	4366.0	A
2019-04-14 22:00:00	FORKS	3340.0	A
2019-04-17 21:00:00	FORKS	3372.0	A
2019-04-20 05:00:00	FORKS	5943.0	A
2019-04-21 01:00:00	FORKS	3812.0	A
2019-04-24 05:00:00	FORKS	3211.0	A
2019-04-26 00:00:00	FORKS	2211.0	A
2019-05-07 13:30:00	FORKS	2244.0	A
2019-05-12 09:00:00	FORKS	3384.0	A
2019-05-17 18:30:00	FORKS	7153.0	A
2019-05-18 13:00:00	FORKS	3551.0	A
2019-05-19 07:30:00	FORKS	2467.0	A
2019-06-08 10:00:00	FORKS	1711.0	A
2019-07-18 13:30:00	FORKS	3016.0	A
2019-07-19 08:00:00	FORKS	1636.0	A
2019-09-16 00:30:00	FORKS	1836.0	A
2019-09-27 00:45:00	FORKS	2732.979166666667	A
2019-09-28 10:15:00	FORKS	2436.395833333333	A
2019-10-08 16:45:00	FORKS	4345.0	A
2019-10-09 11:15:00	FORKS	2713.5	A
2019-10-19 17:45:00	FORKS	5076.0	A
2019-10-22 11:15:00	FORKS	45680.0	A
2019-10-23 06:30:00	FORKS	9010.0	A
2019-10-24 02:00:00	FORKS	4652.0	A
2019-10-24 20:30:00	FORKS	3196.0	A
2019-10-27 05:45:00	FORKS	2201.0	A
2019-11-16 14:30:00	FORKS	1568.0	A
2019-11-18 01:30:00	FORKS	4339.0	A
2019-11-19 18:00:00	FORKS	3838.0	A
2019-11-20 13:00:00	FORKS	2510.0	A
2019-11-24 17:15:00	FORKS	2670.0	A
2019-11-25 13:30:00	FORKS	2030.0	A
2019-12-05 06:15:00	FORKS	1869.0	A
2019-12-13 14:30:00	FORKS	2496.0	A
2019-12-14 10:00:00	FORKS	2354.0	A
2019-12-21 00:00:00	FORKS	22160.0	A
2019-12-21 19:15:00	FORKS	12870.0	A
2019-12-22 16:30:00	FORKS	5467.0	A
2019-12-23 11:15:00	FORKS	3624.0	A
2019-12-24 08:45:00	FORKS	2618.0	A
2020-01-01 14:00:00	FORKS	14380.0	A
2020-01-02 08:30:00	FORKS	9210.0	A
2020-01-03 19:15:00	FORKS	6424.0	A
2020-01-04 13:45:00	FORKS	5978.0	A
2020-01-07 09:15:00	FORKS	25940.0	A
2020-01-08 03:45:00	FORKS	12750.0	A
2020-01-09 00:00:00	FORKS	7030.0	A
2020-01-09 18:45:00	FORKS	4405.0	A
2020-01-12 00:00:00	FORKS	3882.0	A
2020-01-12 18:30:00	FORKS	2894.0	A
2020-01-24 01:15:00	FORKS	14070.0	A
2020-01-25 07:15:00	FORKS	9530.0	A
2020-01-26 01:30:00	FORKS	6563.0	A
2020-01-26 20:30:00	FORKS	5578.0	A
2020-01-28 12:30:00	FORKS	4550.0	A
2020-01-30 05:00:00	FORKS	5006.0	A
2020-02-01 18:00:00	FORKS	34410.0	A
2020-02-02 13:30:00	FORKS	10110.0	A
2020-02-03 08:45:00	FORKS	5439.0	A
2020-02-07 15:30:00	FORKS	25900.0	A
2020-02-08 11:00:00	FORKS	14590.0	A
2020-02-09 07:00:00	FORKS	7510.0	A
2020-02-10 01:30:00	FORKS	4750.0	A
2020-02-10 20:30:00	FORKS	3576.0	A
2020-02-12 04:45:00	FORKS	2599.0	A
2020-03-04 09:45:00	FORKS	3365.0	A
2020-03-05 04:45:00	FORKS	2493.0	A
2020-03-29 21:30:00	FORKS	2966.0	A
2020-03-30 18:30:00	FORKS	2955.0	A
2020-04-11 17:30:00	FORKS	2036.0	A
2020-04-21 14:45:00	FORKS	2399.0	A
2020-04-23 15:15:00	FORKS	9970.0	A
2020-04-24 09:30:00	FORKS	6094.0	A
2020-04-26 05:45:00	FORKS	4818.0	A
2020-04-27 20:45:00	FORKS	6750.0	A
2020-04-28 15:00:00	FORKS	4747.0	A
2020-04-30 15:15:00	FORKS	7490.0	A
2020-05-01 09:45:00	FORKS	5595.0	A
2020-05-03 10:00:00	FORKS	5624.0	A
2020-05-04 04:45:00	FORKS	4063.0	A
2020-05-06 22:45:00	FORKS	4294.0	A
2020-05-11 08:30:00	FORKS	5700.0	A
2020-05-12 07:30:00	FORKS	5307.0	A
2020-05-13 18:30:00	FORKS	5701.0	A
2020-05-14 13:30:00	FORKS	4352.0	A
2020-05-17 19:15:00	FORKS	4335.0	A
2020-05-21 15:30:00	FORKS	4761.0	A
2020-05-22 10:30:00	FORKS	4034.0	A
2020-05-26 13:15:00	FORKS	5395.0	A
2020-05-27 07:45:00	FORKS	4652.0	A
2020-05-31 08:00:00	FORKS	7060.0	A
2020-06-01 03:15:00	FORKS	4204.0	A
2020-06-01 22:45:00	FORKS	2924.0	A
2020-06-08 19:15:00	FORKS	3151.0	A
2020-06-10 07:30:00	FORKS	6629.0	A
2020-06-11 07:15:00	FORKS	4573.0	A
2020-06-12 01:30:00	FORKS	3553.0	A
2020-06-16 12:00:00	FORKS	3752.0	A
2020-06-17 06:15:00	FORKS	3010.0	A
2020-07-02 14:30:00	FORKS	2539.0	A
2020-07-04 11:00:00	FORKS	1548.0	A
2020-09-24 10:00:00	FORKS	3053.0	A
2020-09-26 01:45:00	FORKS	5334.0	A
2020-09-27 09:00:00	FORKS	3310.0	A
2020-09-28 06:00:00	FORKS	1732.0	A
2020-10-11 05:30:00	FORKS	2805.0	A
2020-10-12 08:15:00	FORKS	11080.0	A
2020-10-13 19:45:00	FORKS	8290.0	A
2020-10-14 22:45:00	FORKS	7238.0	A
2020-10-15 18:30:00	FORKS	3677.0	A
2020-10-17 08:30:00	FORKS	8597.0	A
2020-10-18 22:45:00	FORKS	10630.0	A
2020-10-20 08:30:00	FORKS	5692.0	A
2020-10-21 05:15:00	FORKS	3282.0	A
2020-10-24 12:45:00	FORKS	4128.0	A
2020-10-25 07:15:00	FORKS	2630.0	A
2020-10-31 01:30:00	FORKS	2092.0	A
2020-11-04 16:15:00	FORKS	12090.0	A
2020-11-06 00:30:00	FORKS	15050.0	A
2020-11-06 20:45:00	FORKS	5469.0	A
2020-11-07 15:30:00	FORKS	3406.0	A
2020-11-08 13:45:00	FORKS	2418.0	A
2020-11-16 06:30:00	FORKS	3227.0	A
2020-11-18 08:45:00	FORKS	4682.0	A
2020-11-19 04:45:00	FORKS	3792.0	A
2020-11-20 17:15:00	FORKS	2794.0	A
2020-11-25 09:15:00	FORKS	3484.0	A
2020-11-26 04:00:00	FORKS	2949.0	A
2020-11-28 19:15:00	FORKS	2360.0	A
2020-12-09 13:30:00	FORKS	5303.0	A
2020-12-10 08:00:00	FORKS	3605.0	A
2020-12-11 02:15:00	FORKS	2419.0	A
2020-12-16 07:00:00	FORKS	2583.0	A
2020-12-18 03:45:00	FORKS	4273.0	A
2020-12-20 10:45:00	FORKS	8280.0	A
2020-12-21 05:15:00	FORKS	5645.0	A
2020-12-22 05:30:00	FORKS	10640.0	A
2020-12-23 02:15:00	FORKS	4840.0	A
2020-12-23 21:15:00	FORKS	3214.0	A
2020-12-31 22:30:00	FORKS	6427.0	A
2021-01-03 09:15:00	FORKS	12580.0	A
2021-01-05 02:00:00	FORKS	7865.0	A
2021-01-06 14:30:00	FORKS	5778.0	A
2021-01-07 10:00:00	FORKS	3714.0	A
2021-01-08 08:00:00	FORKS	2694.0	A
2021-01-13 12:15:00	FORKS	23110.0	A
2021-01-14 06:30:00	FORKS	7290.0	A
2021-01-15 01:00:00	FORKS	4363.0	A
2021-01-16 15:30:00	FORKS	3306.0	A
2021-01-18 14:45:00	FORKS	2302.0	A
2021-02-05 17:30:00	FORKS	4879.0	P
2021-02-07 05:30:00	FORKS	5554.0	P
2021-02-08 00:15:00	FORKS	3040.0	P
2021-02-09 01:00:00	FORKS	2013.0	P
2021-02-23 00:15:00	FORKS	16580.0	P
2021-02-23 19:15:00	FORKS	5621.0	P
2021-02-24 15:45:00	FORKS	3129.0	P
2021-02-27 01:30:00	FORKS	2173.0	P
2021-03-25 08:00:00	FORKS	2284.0	P
2021-04-19 11:30:00	FORKS	4302.0	P
2021-04-20 09:15:00	FORKS	3809.0	P
2021-04-25 08:00:00	FORKS	3357.0	P
2021-05-01 11:00:00	FORKS	4443.0	P
2021-05-02 11:00:00	FORKS	3894.0	P
2021-05-07 12:30:00	FORKS	4436.0	P
2021-05-08 07:30:00	FORKS	3544.0	P
2021-05-15 09:15:00	FORKS	4491.0	P
2021-05-17 08:15:00	FORKS	5229.0	P
2021-05-18 13:00:00	FORKS	4894.0	P
2021-05-19 07:30:00	FORKS	3858.0	P
2021-05-25 09:00:00	FORKS	4296.0	P
2021-05-28 12:00:00	FORKS	5974.614711033275	P
2021-05-29 06:15:00	FORKS	5007.105078809107	P
2021-06-03 07:00:00	FORKS	7530.0	P
2021-06-04 07:45:00	FORKS	6090.0	P
2021-06-05 03:15:00	FORKS	4547.0	P
